version,0.022,,,,,,,,,,,,,Lavar,,,,,,,,
Member Label,Member Description,P_Familj,Group Name,Variable Name,Internet link,Latin,P_Storaarter,P_Ris,P_BuskarTrad,P_Barande,P_Habitat_gräsm,P_Habitat_våtm,P_Mossor,P_Lavar,P_H8230,P_Vatten,P_Kalk,P_Dike,P_Kalkhällmark,P_Artrikt,P_Hällmark,P_naturahabitat
0 arter saknas,Artprovytan tom,,SmaProvArt,SPY_utgar,https://interfacelift.com/wallpaper/7yz4ma1/03338_emptiness_1024x1024.jpg,,,,,,,,,,,,Std,,,,,
Adam och Eva,Dactylorhiza sambucina,Orkideer,SmaProvArt,Adam_och_eva,http://linnaeus.nrm.se/flora/mono/orchida/dacty/dactlat.html,Dactylorhiza sambucina,,,,,,,,,T,,Kalk,,Kalkhällmark,,Hällmark,
Alvarfibbla,Crepis tectorum ssp. pumila,Korgblommiga,SmaProvArt,Alvarfibbla,,,,,,,,,,,,,Kalk,,Kalkhällmark,,,
Alvarglim,Silene uniflora ssp. petraea,Nejlikväxter,SmaProvArt,Alvarglim,,,,,,,,,,,,,Kalk,,Kalkhällmark,,,
Alvarmalört,Artemisia oelandica,Korgblommiga,SmaProvArt,Alvarmalort,,,,,,,,,,,,,Kalk,,Kalkhällmark,,,
Axveronika,Veronica spicata,Grobladsväxter,SmaProvArt,Axveronika,https://sv.wikipedia.org/wiki/Axveronika,Veronica spicata,,,,,Gräsmark,,,,K,,Kalk,,Kalkhällmark,Artrikt,Hällmark,
Backskafting,Brachypodium pinnatum,Gräs,SmaProvArt,Backskafting,,,,,,,,,,,,,Kalk,,Kalkhällmark,,,
Bergskrabba,Globularia vulgaris,Grobladsväxter,SmaProvArt,Bergskrabba,,,,,,,,,,,,,Kalk,,Kalkhällmark,,,
Blåeld,Echium vulgare,Strävbladiga,SmaProvArt,Blaeld,https://sv.wikipedia.org/wiki/Bl%C3%A5eld,Echium vulgare,,,,,,,,,,,Kalk,,Kalkhällmark,Artrikt,,
Blåsippa,Hepatica nobilis,Ranunkelväxter,SmaProvArt,Blasippa,https://sv.wikipedia.org/wiki/Bl%C3%A5sippa,Hepatica nobilis,,,,,,,,,,,Kalk,,Kalkhällmark,,,
Brudsporre,Gymnadenia conopsea,Orkideer,SmaProvArt,Brudsporre,https://sv.wikipedia.org/wiki/Brudsporre,Gymnadenia conopsea,,,,,Gräsmark,Våtmark,,,,,Kalk,,Kalkhällmark,,,
Bågsvingel,Festuca rubra ssp. oelandica,Gräs,SmaProvArt,Bagsvingel,,,,,,,,,,,,,Kalk,,Kalkhällmark,,,
Dikesveronika,Veronica catenata,Grobladsväxter,SmaProvArt,Dikesveronika,,,,,,,,,,,,,Kalk,,Kalkhällmark,,,
Duvnäva,Geranium columbinum,Näveväxter,SmaProvArt,Duvnava,,,,,,,,,,,,,Kalk,,Kalkhällmark,,,
Dvärgkämpar,Plantago tenuiflora,Grobladsväxter,SmaProvArt,Dvargkampar,,,,,,,,,,,,,Kalk,,Kalkhällmark,,,
Fjällgröe,Poa alpina,Gräs,SmaProvArt,Fjallgroe,,,,,,,,,,,,,Kalk,,Kalkhällmark,,,
Fältsippa,Pulsatilla pratensis,Ranunkelväxter,SmaProvArt,Faltsippa,,,,,,,,,,,,,Kalk,,Kalkhällmark,,,
Fältvedel,Oxytropis campestris,Ärtväxter,SmaProvArt,Faltvedel,,,,,,,,,,,,,Kalk,,Kalkhällmark,,,
Fältvädd,Scabiosa columbaria,Kaprifolväxter,SmaProvArt,Faltvadd,,,,,,,,,,,,,Kalk,,Kalkhällmark,,,
Färgmåra,Asperula tinctoria,Måreväxter,SmaProvArt,Fargmara,,,,,,,,,,,,,Kalk,,Kalkhällmark,,,
Gotlandssolvända,Fumana procumbens,Solvändeväxter,SmaProvArt,Gotlandssolvanda,,,,,,,,,,,,,Kalk,,Kalkhällmark,,,
Gruskammossa,Abietinella abietina,Mossor,SmaProvArt,Gruskammossa,https://sv.wikipedia.org/wiki/Gruskammossa,Abietinella abietina,,,,,,,Mossor,,K,,Kalk,,Kalkhällmark,,Hällmark,
Grusslok,Melica ciliata,Gräs,SmaProvArt,Grusslok,,,,,,,,,,,,,Kalk,,Kalkhällmark,,,
Grusviva,Androsace septentrionalis,Viveväxter,SmaProvArt,Grusviva,,,,,,,,,,,,,Kalk,,Kalkhällmark,,,
Gräslök/alvargräslök,Allium schoenoprasum,Lökar,SmaProvArt,Graslok_Alvargraslok,,,,,,,,,,,,,Kalk,,Kalkhällmark,,,
Hårgrimmia,Grimmia pulvinata,Mossor,SmaProvArt,Hargrimmia,,,,,,,,,Mossor,,,,Kalk,,Kalkhällmark,,,
Kalkbräken,Gymnocarpium robertianum,Ormbunksväxter,SmaProvArt,Kalkbraken,,,,,,,,,,,,,Kalk,,Kalkhällmark,,,
Kalkhedslav m.fl.,Cladonia symphycarpia/ C. pusillum,Lavar,SmaProvArt,Kalkhedslav,,,,,,,,,,Lavar,,,Kalk,,Kalkhällmark,,,
Kalkkrassing,Sisymbrium supinum,Korsblommiga,SmaProvArt,Kalkkrassing,,,,,,,,,,,,,Kalk,,Kalkhällmark,,,
Kalklockmossa,Homalothecium lutescens,Mossor,SmaProvArt,Kalklockmossa,,,,,,,,,Mossor,,,,Kalk,,Kalkhällmark,,,
Kalkmossor,Tortella spp.,Mossor,SmaProvArt,Kalkmossor,https://sv.wikipedia.org/wiki/Kalkmossor,Tortella,,,,,,,Mossor,,,,Kalk,,Kalkhällmark,,,
Kalkstenslav,Aspicilia calcarea,Lavar,SmaProvArt,Kalkstenlav,,,,,,,,,,Lavar,,,Kalk,,Kalkhällmark,,,
Klipplök,Allium lineare,,SmaProvArt,Klipplok,,,,,,,,,,,,,Kalk,,Kalkhällmark,,,
Knutnarv,Sagina nodosa,Nejlikväxter,SmaProvArt,Knutnarv,,,,,,,,,,,,,Kalk,,Kalkhällmark,,,
Korvgulmossa,Drepanocladus turgescens,Mossor,SmaProvArt,Korvgulmossa,,,,,,,,,,,,,Kalk,,Kalkhällmark,,,
Korvskorpionmossa,Scorpidium scorpioides,Mossor,SmaProvArt,Korvskorpionmossa,,,,,,,,,,,,Vatten,Kalk,,Kalkhällmark,,,
Krissla,Inula salicina,Korgblommiga,SmaProvArt,Krissla,,,,,,,Gräsmark,,,,,,Kalk,,Kalkhällmark,,,
Kärrkavle,Alopecurus geniculatus,Gräs,SmaProvArt,Karrkavle,https://sv.wikipedia.org/wiki/K%C3%A4rrkavle,Alopecurus geniculatus,,,,,,,,,,,Kalk,,Kalkhällmark,,,
Luddkrissla,Inula britannica,Korgblommiga,SmaProvArt,Luddkrissla,,,,,,,,,,,,,Kalk,,Kalkhällmark,,,
Lund-/kalktrav,Arabis hirsuta var. hirsuta/glaberrima,Korsblommiga,SmaProvArt,Lundtrav_kalktrav,,,,,,,,,,,,,Kalk,,Kalkhällmark,,,
Lökgamander,Teucrium scordium,Kransblommiga,SmaProvArt,Lokgamander,,,,,,,,,,,,,Kalk,,Kalkhällmark,,,
Majviva,Primula farinosa,Viveväxter,SmaProvArt,Majviva,https://sv.wikipedia.org/wiki/Majviva,Primula farinosa,,,,,Gräsmark,Våtmark,,,,,Kalk,,Kalkhällmark,,,
Murruta,Asplenium ruta-muraria,Ormbunksväxter,SmaProvArt,Murruta,,,,,,,,,,,,,Kalk,,Kalkhällmark,,,
Plyschgrusmossa,Ditrichum flexicaule,Mossor,SmaProvArt,Plyschgrusmossa,,,,,,,,,,,,,Kalk,,Kalkhällmark,,,
Praktbrunört,Prunella grandiflora,Kransblommiga,SmaProvArt,Praktbrunort,,,,,,,,,,,,,Kalk,,Kalkhällmark,,,
Rosettjungfrulin,,,SmaProvArt,Rosettjungfrulin,,,,,,,Gräsmark,,,,,,Kalk,,Kalkhällmark,,,
Råttsvans,Myosurus minimus,Ranunkelväxter,SmaProvArt,Rattsvans,,,,,,,,,,,,,Kalk,,Kalkhällmark,,,
Rödmire,Anagallis arvensis,Viveväxter,SmaProvArt,Rodmire,,,,,,,,,,,,,Kalk,,Kalkhällmark,,,
Sankt P-/göknycklar,Orchis mascula/ Anacamptis morio,Orkideer,SmaProvArt,Sanktpersnycklar_goknycklar,,,,,,,Gräsmark,,,,,,Kalk,,Kalkhällmark,,,
Skogssallat,Lactuca muralis,Korgblommiga,SmaProvArt,Skogssallat,https://sv.wikipedia.org/wiki/Skogssallat,Lactuca muralis,,,,,,,,,,,Kalk,,Kalkhällmark,,,
Slankstarr,Carex flacca,Halvgräs,SmaProvArt,Slankstarr,https://sv.wikipedia.org/wiki/Slankstarr,Carex flacca,,,,,Gräsmark,Våtmark,,,,,Kalk,,Kalkhällmark,,,
Slåtterfibbla,Hypochaeris maculata,Korgblommiga,SmaProvArt,Slatterfibbla,https://sv.wikipedia.org/wiki/Sl%C3%A5tterfibbla,Hypochaeris maculata,,,,,,,,,,,Kalk,,Kalkhällmark,,,
Slät klockmossa,Encalypta vulgaris,Mossor,SmaProvArt,Slat_klockmossa,,,,,,,,,Mossor,,,,Kalk,,Kalkhällmark,,,
Spåtistel,Carlina vulgaris,Korgblommiga,SmaProvArt,Spatistel,,,,,,,Gräsmark,,,,,,Kalk,,Kalkhällmark,,,
Stenkrassing,Hornungia petraea,Korsblommiga,SmaProvArt,Stenkrassing,,,,,,,,,,,,,Kalk,,Kalkhällmark,,,
Stenmalört,Artemisia rupestris,Korgblommiga,SmaProvArt,Stenmalort,,,,,,,,,,,,,Kalk,,Kalkhällmark,,,
Stor fetknopp,Sedum rupestre,Fetbladsväxter,SmaProvArt,Stor_fetknopp,https://sv.wikipedia.org/wiki/stor_fetknopp,Sedum rupestre,,,,,,,,,K,,Kalk,,Kalkhällmark,,Hällmark,
Stor klockmossa,Encalypta streptocarpa,Mossor,SmaProvArt,Stor_klockmossa,,,,,,,,,Mossor,,,,Kalk,,Kalkhällmark,,,
"Stångfibbl, övriga",Pilosella spp.,Korgblommiga,SmaProvArt,Stangfibblor,,,,,,,,,,,,,Kalk,,Kalkhällmark,,,
Sumpförgätmigej,Myosotis laxa,Strävbladiga,SmaProvArt,Sumpforgatmigej,,,,,,,,,,,,,Kalk,,Kalkhällmark,,,
Svartbräken,Asplenium trichomanes,Ormbunksväxter,SmaProvArt,Svartbraken,,,,,,,,,,,,,Kalk,,Kalkhällmark,,,
Säcklav,Solorina saccata,Lavar,SmaProvArt,Sacklav,http://www.nrm.se/faktaomnaturenochrymden/vaxter/kryptogamer/manadenskryptogam/lavar/sacklavarkalkalskandelavar.3706.html,Solorina saccata,,,,,,,,Lavar,,,Kalk,,,,Hällmark,
Toppjungfrulin,Polygala comosa,Jungfrulinsväxter,SmaProvArt,Toppjungfrulin,,,,,,,,,,,,,Kalk,,Kalkhällmark,,,
Vit fetknopp,Sedum album,Fetbladsväxter,SmaProvArt,Vit_fetknopp,https://sv.wikipedia.org/wiki/Vit_fetknopp,Sedum album,,,,,Gräsmark,,,,K,,Kalk,,Kalkhällmark,Artrikt,Hällmark,
Vätögontröst,Euphrasia suecica var. gotlandica,Lejongapsväxter,SmaProvArt,Vatogontrost,,,,,,,,,,,,,Kalk,,Kalkhällmark,,,
Älghornslav,Cladonia foliacea,Lavar,SmaProvArt,Alghornslav,,,,,,,,,,,,,Kalk,,Kalkhällmark,,,
Ängsnycklar,Dactylorhiza incarnata,Orkideer,SmaProvArt,Angsnycklar,http://linnaeus.nrm.se/flora/mono/poa/helic/helipra.html,Dactylorhiza incarnata,,,,,,Våtmark,,,,,Kalk,,Kalkhällmark,,,
Ölandsmåra,Galium oelandicum,Måreväxter,SmaProvArt,Olandsmara,,,,,,,,,,,,,Kalk,,Kalkhällmark,,,
Ölandssolvända,Helianthemum oelandicum,Solvändeväxter,SmaProvArt,Olandssolvanda,http://linnaeus.nrm.se/flora/di/cista/helia/helioel.html,Helianthemum oelandicum,,,,,,,,,,,Kalk,,Kalkhällmark,,,
1210 Driftvallar,1210 Driftvallar,,Naturahabitat,1210,http://www.slu.se/Documents/externwebben/s-fak/skoglig-resurshallning/Landskapsanalys_publikationer/2013/MOTHNILS_Habitatkompendium2013.pdf,,,,,,,,,,,,,,,,,Naturahabitat
1220 Sten och grusvallar,1220 Sten och grusvallar,,Naturahabitat,1220,http://www.slu.se/Documents/externwebben/s-fak/skoglig-resurshallning/Landskapsanalys_publikationer/2013/MOTHNILS_Habitatkompendium2013.pdf,,,,,,,,,,,,,,,,,Naturahabitat
1230 Havsklippor,1230 Havsklippor,,Naturahabitat,1230,http://www.slu.se/Documents/externwebben/s-fak/skoglig-resurshallning/Landskapsanalys_publikationer/2013/MOTHNILS_Habitatkompendium2013.pdf,,,,,,,,,,,,,,,,,Naturahabitat
1310 Glasörtstränder,1310 Glasörtstränder,,Naturahabitat,1310,http://www.slu.se/Documents/externwebben/s-fak/skoglig-resurshallning/Landskapsanalys_publikationer/2013/MOTHNILS_Habitatkompendium2013.pdf,,,,,,,,,,,,,,,,,Naturahabitat
1330 Salta strandängar,1330 Salta strandängar,,Naturahabitat,1330,http://www.slu.se/Documents/externwebben/s-fak/skoglig-resurshallning/Landskapsanalys_publikationer/2013/MOTHNILS_Habitatkompendium2013.pdf,,,,,,,,,,,,,,,,,Naturahabitat
1610 Åsöar i Östersjön,1610 Åsöar i Östersjön,,Naturahabitat,1610,http://www.slu.se/Documents/externwebben/s-fak/skoglig-resurshallning/Landskapsanalys_publikationer/2013/MOTHNILS_Habitatkompendium2013.pdf,,,,,,,,,,,,,,,,,Naturahabitat
1620 Skär  i Östersjön,1620 Skär  i Östersjön,,Naturahabitat,1620,http://www.slu.se/Documents/externwebben/s-fak/skoglig-resurshallning/Landskapsanalys_publikationer/2013/MOTHNILS_Habitatkompendium2013.pdf,,,,,,,,,,,,,,,,,Naturahabitat
1630 Strandängar vid Östersjön,1630 Strandängar vid Östersjön,,Naturahabitat,1630,http://www.slu.se/Documents/externwebben/s-fak/skoglig-resurshallning/Landskapsanalys_publikationer/2013/MOTHNILS_Habitatkompendium2013.pdf,,,,,,,,,,,,,,,,,Naturahabitat
1640 Sandstränder,1640 Sandstränder,,Naturahabitat,1640,http://www.slu.se/Documents/externwebben/s-fak/skoglig-resurshallning/Landskapsanalys_publikationer/2013/MOTHNILS_Habitatkompendium2013.pdf,,,,,,,,,,,,,,,,,Naturahabitat
1952 Moränstrand,1952 Moränstrand,,Naturahabitat,1952,http://www.slu.se/Documents/externwebben/s-fak/skoglig-resurshallning/Landskapsanalys_publikationer/2013/MOTHNILS_Habitatkompendium2013.pdf,,,,,,,,,,,,,,,,,Naturahabitat
2110 Fördyner,2110 Fördyner,,Naturahabitat,2110,http://www.slu.se/Documents/externwebben/s-fak/skoglig-resurshallning/Landskapsanalys_publikationer/2013/MOTHNILS_Habitatkompendium2013.pdf,,,,,,,,,,,,,,,,,Naturahabitat
2120 Vita dyner,2120 Vita dyner,,Naturahabitat,2120,http://www.slu.se/Documents/externwebben/s-fak/skoglig-resurshallning/Landskapsanalys_publikationer/2013/MOTHNILS_Habitatkompendium2013.pdf,,,,,,,,,,,,,,,,,Naturahabitat
2130 Grå dyner,2130 Grå dyner,,Naturahabitat,2130,http://www.slu.se/Documents/externwebben/s-fak/skoglig-resurshallning/Landskapsanalys_publikationer/2013/MOTHNILS_Habitatkompendium2013.pdf,,,,,,,,,,,,,,,,,Naturahabitat
2140 Risdyner,2140 Risdyner,,Naturahabitat,2140,http://www.slu.se/Documents/externwebben/s-fak/skoglig-resurshallning/Landskapsanalys_publikationer/2013/MOTHNILS_Habitatkompendium2013.pdf,,,,,,,,,,,,,,,,,Naturahabitat
2170 Sandvidedyner,2170 Sandvidedyner,,Naturahabitat,2170,http://www.slu.se/Documents/externwebben/s-fak/skoglig-resurshallning/Landskapsanalys_publikationer/2013/MOTHNILS_Habitatkompendium2013.pdf,,,,,,,,,,,,,,,,,Naturahabitat
2180 Trädklädda dyner,2180 Trädklädda dyner,,Naturahabitat,2180,http://www.slu.se/Documents/externwebben/s-fak/skoglig-resurshallning/Landskapsanalys_publikationer/2013/MOTHNILS_Habitatkompendium2013.pdf,,,,,,,,,,,,,,,,,Naturahabitat
2190 Dynvåtmarker,2190 Dynvåtmarker,,Naturahabitat,2190,http://www.slu.se/Documents/externwebben/s-fak/skoglig-resurshallning/Landskapsanalys_publikationer/2013/MOTHNILS_Habitatkompendium2013.pdf,,,,,,,,,,,,,,,,,Naturahabitat
2320 Rissandhedar,2320 Rissandhedar,,Naturahabitat,2320,http://www.slu.se/Documents/externwebben/s-fak/skoglig-resurshallning/Landskapsanalys_publikationer/2013/MOTHNILS_Habitatkompendium2013.pdf,,,,,,,,,,,,,,,,,Naturahabitat
2330 Grässandhedar,2330 Grässandhedar,,Naturahabitat,2330,http://www.slu.se/Documents/externwebben/s-fak/skoglig-resurshallning/Landskapsanalys_publikationer/2013/MOTHNILS_Habitatkompendium2013.pdf,,,,,,,,,,,,,,,,,Naturahabitat
3210 Större vattendrag,3210 Större vattendrag,,Naturahabitat,3210,http://www.slu.se/Documents/externwebben/s-fak/skoglig-resurshallning/Landskapsanalys_publikationer/2013/MOTHNILS_Habitatkompendium2013.pdf,,,,,,,,,,,,,,,,,Naturahabitat
3220 Alpina vattendrag,3220 Alpina vattendrag,,Naturahabitat,3220,http://www.slu.se/Documents/externwebben/s-fak/skoglig-resurshallning/Landskapsanalys_publikationer/2013/MOTHNILS_Habitatkompendium2013.pdf,,,,,,,,,,,,,,,,,Naturahabitat
4010 Fukthedar,4010 Fukthedar,,Naturahabitat,4010,http://www.slu.se/Documents/externwebben/s-fak/skoglig-resurshallning/Landskapsanalys_publikationer/2013/MOTHNILS_Habitatkompendium2013.pdf,,,,,,,,,,,,,,,,,Naturahabitat
4030 Torra hedar,4030 Torra hedar,,Naturahabitat,4030,http://www.slu.se/Documents/externwebben/s-fak/skoglig-resurshallning/Landskapsanalys_publikationer/2013/MOTHNILS_Habitatkompendium2013.pdf,,,,,,,,,,,,,,,,,Naturahabitat
4060 Alpina rishedar,4060 Alpina rishedar,,Naturahabitat,4060,http://www.slu.se/Documents/externwebben/s-fak/skoglig-resurshallning/Landskapsanalys_publikationer/2013/MOTHNILS_Habitatkompendium2013.pdf,,,,,,,,,,,,,,,,,Naturahabitat
4080 Alpina videbuskmarker,4080 Alpina videbuskmarker,,Naturahabitat,4080,http://www.slu.se/Documents/externwebben/s-fak/skoglig-resurshallning/Landskapsanalys_publikationer/2013/MOTHNILS_Habitatkompendium2013.pdf,,,,,,,,,,,,,,,,,Naturahabitat
5131 Enbuskmark på hed,5131 Enbuskmark på hed,,Naturahabitat,5131,http://www.slu.se/Documents/externwebben/s-fak/skoglig-resurshallning/Landskapsanalys_publikationer/2013/MOTHNILS_Habitatkompendium2013.pdf,,,,,,,,,,,,,,,,,Naturahabitat
5132 Enbuskmark på kalkgräsmark,5132 Enbuskmark på kalkgräsmark,,Naturahabitat,5132,http://www.slu.se/Documents/externwebben/s-fak/skoglig-resurshallning/Landskapsanalys_publikationer/2013/MOTHNILS_Habitatkompendium2013.pdf,,,,,,,,,,,,,,,,,Naturahabitat
5133 Naturlig enbuskmark,5133 Naturlig enbuskmark,,Naturahabitat,5133,http://www.slu.se/Documents/externwebben/s-fak/skoglig-resurshallning/Landskapsanalys_publikationer/2013/MOTHNILS_Habitatkompendium2013.pdf,,,,,,,,,,,,,,,,,Naturahabitat
6110 Basiska berghällar,6110 Basiska berghällar,,Naturahabitat,6110,http://www.slu.se/Documents/externwebben/s-fak/skoglig-resurshallning/Landskapsanalys_publikationer/2013/MOTHNILS_Habitatkompendium2013.pdf,,,,,,,,,,,,,,,,,Naturahabitat
6120 Sandstäpp ,6120 Sandstäpp ,,Naturahabitat,6120,http://www.slu.se/Documents/externwebben/s-fak/skoglig-resurshallning/Landskapsanalys_publikationer/2013/MOTHNILS_Habitatkompendium2013.pdf,,,,,,,,,,,,,,,,,Naturahabitat
6150 Alpina silikatgräsmarker,6150 Alpina silikatgräsmarker,,Naturahabitat,6150,http://www.slu.se/Documents/externwebben/s-fak/skoglig-resurshallning/Landskapsanalys_publikationer/2013/MOTHNILS_Habitatkompendium2013.pdf,,,,,,,,,,,,,,,,,Naturahabitat
6170 Alpina kalkgräsmarker,6170 Alpina kalkgräsmarker,,Naturahabitat,6170,http://www.slu.se/Documents/externwebben/s-fak/skoglig-resurshallning/Landskapsanalys_publikationer/2013/MOTHNILS_Habitatkompendium2013.pdf,,,,,,,,,,,,,,,,,Naturahabitat
6210 Kalkgräsmark,6210 Kalkgräsmark,,Naturahabitat,6210,http://www.slu.se/Documents/externwebben/s-fak/skoglig-resurshallning/Landskapsanalys_publikationer/2013/MOTHNILS_Habitatkompendium2013.pdf,,,,,,,,,,,,,,,,,Naturahabitat
6211 Orkidékalkgräsmark,6211 Orkidékalkgräsmark,,Naturahabitat,6211,http://www.slu.se/Documents/externwebben/s-fak/skoglig-resurshallning/Landskapsanalys_publikationer/2013/MOTHNILS_Habitatkompendium2013.pdf,,,,,,,,,,,,,,,,,Naturahabitat
6230 Stagg-gräsmarker,6230 Stagg-gräsmarker,,Naturahabitat,6230,http://www.slu.se/Documents/externwebben/s-fak/skoglig-resurshallning/Landskapsanalys_publikationer/2013/MOTHNILS_Habitatkompendium2013.pdf,,,,,,,,,,,,,,,,,Naturahabitat
6270 Silikatgräsmarker,6270 Silikatgräsmarker,,Naturahabitat,6270,http://www.slu.se/Documents/externwebben/s-fak/skoglig-resurshallning/Landskapsanalys_publikationer/2013/MOTHNILS_Habitatkompendium2013.pdf,,,,,,,,,,,,,,,,,Naturahabitat
6280 Alvar,6280 Alvar,,Naturahabitat,6280,http://www.slu.se/Documents/externwebben/s-fak/skoglig-resurshallning/Landskapsanalys_publikationer/2013/MOTHNILS_Habitatkompendium2013.pdf,,,,,,,,,,,,,,,,,Naturahabitat
6411 Kalkfuktäng,6411 Kalkfuktäng,,Naturahabitat,6411,http://www.slu.se/Documents/externwebben/s-fak/skoglig-resurshallning/Landskapsanalys_publikationer/2013/MOTHNILS_Habitatkompendium2013.pdf,,,,,,,,,,,,,,,,,Naturahabitat
6412 Fuktäng,6412 Fuktäng,,Naturahabitat,6412,http://www.slu.se/Documents/externwebben/s-fak/skoglig-resurshallning/Landskapsanalys_publikationer/2013/MOTHNILS_Habitatkompendium2013.pdf,,,,,,,,,,,,,,,,,Naturahabitat
6430 Högörtängar,6430 Högörtängar,,Naturahabitat,6430,http://www.slu.se/Documents/externwebben/s-fak/skoglig-resurshallning/Landskapsanalys_publikationer/2013/MOTHNILS_Habitatkompendium2013.pdf,,,,,,,,,,,,,,,,,Naturahabitat
6450 Svämängar,6450 Svämängar,,Naturahabitat,6450,http://www.slu.se/Documents/externwebben/s-fak/skoglig-resurshallning/Landskapsanalys_publikationer/2013/MOTHNILS_Habitatkompendium2013.pdf,,,,,,,,,,,,,,,,,Naturahabitat
6510 Slåtterängar i låglandet,6510 Slåtterängar i låglandet,,Naturahabitat,6510,http://www.slu.se/Documents/externwebben/s-fak/skoglig-resurshallning/Landskapsanalys_publikationer/2013/MOTHNILS_Habitatkompendium2013.pdf,,,,,,,,,,,,,,,,,Naturahabitat
6520 Höglänta slåtterängar,6520 Höglänta slåtterängar,,Naturahabitat,6520,http://www.slu.se/Documents/externwebben/s-fak/skoglig-resurshallning/Landskapsanalys_publikationer/2013/MOTHNILS_Habitatkompendium2013.pdf,,,,,,,,,,,,,,,,,Naturahabitat
6530 Lövängar,6530 Lövängar,,Naturahabitat,6530,http://www.slu.se/Documents/externwebben/s-fak/skoglig-resurshallning/Landskapsanalys_publikationer/2013/MOTHNILS_Habitatkompendium2013.pdf,,,,,,,,,,,,,,,,,Naturahabitat
6911 Öppen kultiverad betesmark,6911 Öppen kultiverad betesmark,,Naturahabitat,6911,http://www.slu.se/Documents/externwebben/s-fak/skoglig-resurshallning/Landskapsanalys_publikationer/2013/MOTHNILS_Habitatkompendium2013.pdf,,,,,,,,,,,,,,,,,Naturahabitat
6912 Öppen kultiverad slåtteräng,6912 Öppen kultiverad slåtteräng,,Naturahabitat,6912,http://www.slu.se/Documents/externwebben/s-fak/skoglig-resurshallning/Landskapsanalys_publikationer/2013/MOTHNILS_Habitatkompendium2013.pdf,,,,,,,,,,,,,,,,,Naturahabitat
6913 Trädbärande kultiverad betesmark,6913 Trädbärande kultiverad betesmark,,Naturahabitat,6913,http://www.slu.se/Documents/externwebben/s-fak/skoglig-resurshallning/Landskapsanalys_publikationer/2013/MOTHNILS_Habitatkompendium2013.pdf,,,,,,,,,,,,,,,,,Naturahabitat
6915 Tuvtåteläng,6915 Tuvtåteläng,,Naturahabitat,6915,http://www.slu.se/Documents/externwebben/s-fak/skoglig-resurshallning/Landskapsanalys_publikationer/2013/MOTHNILS_Habitatkompendium2013.pdf,,,,,,,,,,,,,,,,,Naturahabitat
6916 Buskrik utmark,6916 Buskrik utmark,,Naturahabitat,6916,http://www.slu.se/Documents/externwebben/s-fak/skoglig-resurshallning/Landskapsanalys_publikationer/2013/MOTHNILS_Habitatkompendium2013.pdf,,,,,,,,,,,,,,,,,Naturahabitat
7110 Högmossar,7110 Högmossar,,Naturahabitat,7110,http://www.slu.se/Documents/externwebben/s-fak/skoglig-resurshallning/Landskapsanalys_publikationer/2013/MOTHNILS_Habitatkompendium2013.pdf,,,,,,,,,,,,,,,,,Naturahabitat
7130 Terrängtäckande mossar,7130 Terrängtäckande mossar,,Naturahabitat,7130,http://www.slu.se/Documents/externwebben/s-fak/skoglig-resurshallning/Landskapsanalys_publikationer/2013/MOTHNILS_Habitatkompendium2013.pdf,,,,,,,,,,,,,,,,,Naturahabitat
7140 Öppna myrar,7140 Öppna myrar,,Naturahabitat,7140,http://www.slu.se/Documents/externwebben/s-fak/skoglig-resurshallning/Landskapsanalys_publikationer/2013/MOTHNILS_Habitatkompendium2013.pdf,,,,,,,,,,,,,,,,,Naturahabitat
7143 Strängflarkkärr/blandmyr,7143 Strängflarkkärr/blandmyr,,Naturahabitat,7143,http://www.slu.se/Documents/externwebben/s-fak/skoglig-resurshallning/Landskapsanalys_publikationer/2013/MOTHNILS_Habitatkompendium2013.pdf,,,,,,,,,,,,,,,,,Naturahabitat
7161 Källa (Punkt),7161 Källa (Punkt),,Naturahabitat,7161,http://www.slu.se/Documents/externwebben/s-fak/skoglig-resurshallning/Landskapsanalys_publikationer/2013/MOTHNILS_Habitatkompendium2013.pdf,,,,,,,,,,,,,,,,,Naturahabitat
7162 Källkärr,7162 Källkärr,,Naturahabitat,7162,http://www.slu.se/Documents/externwebben/s-fak/skoglig-resurshallning/Landskapsanalys_publikationer/2013/MOTHNILS_Habitatkompendium2013.pdf,,,,,,,,,,,,,,,,,Naturahabitat
7210 Agkärr,7210 Agkärr,,Naturahabitat,7210,http://www.slu.se/Documents/externwebben/s-fak/skoglig-resurshallning/Landskapsanalys_publikationer/2013/MOTHNILS_Habitatkompendium2013.pdf,,,,,,,,,,,,,,,,,Naturahabitat
7220 Kalktuffkällor (Punkt),7220 Kalktuffkällor (Punkt),,Naturahabitat,7220,http://www.slu.se/Documents/externwebben/s-fak/skoglig-resurshallning/Landskapsanalys_publikationer/2013/MOTHNILS_Habitatkompendium2013.pdf,,,,,,,,,,,,,,,,,Naturahabitat
7230 Rikkärr,7230 Rikkärr,,Naturahabitat,7230,http://www.slu.se/Documents/externwebben/s-fak/skoglig-resurshallning/Landskapsanalys_publikationer/2013/MOTHNILS_Habitatkompendium2013.pdf,,,,,,,,,,,,,,,,,Naturahabitat
7234 Källa i rikkärr (Punkt),7234 Källa i rikkärr (Punkt),,Naturahabitat,7234,http://www.slu.se/Documents/externwebben/s-fak/skoglig-resurshallning/Landskapsanalys_publikationer/2013/MOTHNILS_Habitatkompendium2013.pdf,,,,,,,,,,,,,,,,,Naturahabitat
7240 Alpina,7240 Alpina,,Naturahabitat,7240,http://www.slu.se/Documents/externwebben/s-fak/skoglig-resurshallning/Landskapsanalys_publikationer/2013/MOTHNILS_Habitatkompendium2013.pdf,,,,,,,,,,,,,,,,,Naturahabitat
7294 Källa i Aapamyr,7294 Källa i Aapamyr,,Naturahabitat,7294,http://www.slu.se/Documents/externwebben/s-fak/skoglig-resurshallning/Landskapsanalys_publikationer/2013/MOTHNILS_Habitatkompendium2013.pdf,,,,,,,,,,,,,,,,,Naturahabitat
7295 Källkärr i Aapamyr,7295 Källkärr i Aapamyr,,Naturahabitat,7295,http://www.slu.se/Documents/externwebben/s-fak/skoglig-resurshallning/Landskapsanalys_publikationer/2013/MOTHNILS_Habitatkompendium2013.pdf,,,,,,,,,,,,,,,,,Naturahabitat
7296 Rikkärr i Aapamyr,7296 Rikkärr i Aapamyr,,Naturahabitat,7296,http://www.slu.se/Documents/externwebben/s-fak/skoglig-resurshallning/Landskapsanalys_publikationer/2013/MOTHNILS_Habitatkompendium2013.pdf,,,,,,,,,,,,,,,,,Naturahabitat
7297 Rikärrskälla i Aapamyr,7297 Rikärrskälla i Aapamyr,,Naturahabitat,7297,http://www.slu.se/Documents/externwebben/s-fak/skoglig-resurshallning/Landskapsanalys_publikationer/2013/MOTHNILS_Habitatkompendium2013.pdf,,,,,,,,,,,,,,,,,Naturahabitat
7298 Öppen myr i Aapamyr,7298 Öppen myr i Aapamyr,,Naturahabitat,7298,http://www.slu.se/Documents/externwebben/s-fak/skoglig-resurshallning/Landskapsanalys_publikationer/2013/MOTHNILS_Habitatkompendium2013.pdf,,,,,,,,,,,,,,,,,Naturahabitat
7310 Strängflarkkärr/blandmyr,7310 Strängflarkkärr/blandmyr,,Naturahabitat,7310,http://www.slu.se/Documents/externwebben/s-fak/skoglig-resurshallning/Landskapsanalys_publikationer/2013/MOTHNILS_Habitatkompendium2013.pdf,,,,,,,,,,,,,,,,,Naturahabitat
7311 Kalktuffkälla i Aapamyr,7311 Kalktuffkälla i Aapamyr,,Naturahabitat,7311,http://www.slu.se/Documents/externwebben/s-fak/skoglig-resurshallning/Landskapsanalys_publikationer/2013/MOTHNILS_Habitatkompendium2013.pdf,,,,,,,,,,,,,,,,,Naturahabitat
7318 Skogsbevuxen myr i Aapamyr,7318 Skogsbevuxen myr i Aapamyr,,Naturahabitat,7318,http://www.slu.se/Documents/externwebben/s-fak/skoglig-resurshallning/Landskapsanalys_publikationer/2013/MOTHNILS_Habitatkompendium2013.pdf,,,,,,,,,,,,,,,,,Naturahabitat
7320 Palsmyrar,7320 Palsmyrar,,Naturahabitat,7320,http://www.slu.se/Documents/externwebben/s-fak/skoglig-resurshallning/Landskapsanalys_publikationer/2013/MOTHNILS_Habitatkompendium2013.pdf,,,,,,,,,,,,,,,,,Naturahabitat
8110 Silikatrasmarker,8110 Silikatrasmarker,,Naturahabitat,8110,http://www.slu.se/Documents/externwebben/s-fak/skoglig-resurshallning/Landskapsanalys_publikationer/2013/MOTHNILS_Habitatkompendium2013.pdf,,,,,,,,,,,,,,,,,Naturahabitat
8120 Kalkrasmarker,8120 Kalkrasmarker,,Naturahabitat,8120,http://www.slu.se/Documents/externwebben/s-fak/skoglig-resurshallning/Landskapsanalys_publikationer/2013/MOTHNILS_Habitatkompendium2013.pdf,,,,,,,,,,,,,,,,,Naturahabitat
8210 Kalkbranter,8210 Kalkbranter,,Naturahabitat,8210,http://www.slu.se/Documents/externwebben/s-fak/skoglig-resurshallning/Landskapsanalys_publikationer/2013/MOTHNILS_Habitatkompendium2013.pdf,,,,,,,,,,,,,,,,,Naturahabitat
8220 Silikatbranter,8220 Silikatbranter,,Naturahabitat,8220,http://www.slu.se/Documents/externwebben/s-fak/skoglig-resurshallning/Landskapsanalys_publikationer/2013/MOTHNILS_Habitatkompendium2013.pdf,,,,,,,,,,,,,,,,,Naturahabitat
8230 Hällmarkstorräng,8230 Hällmarkstorräng,,Naturahabitat,8230,http://www.slu.se/Documents/externwebben/s-fak/skoglig-resurshallning/Landskapsanalys_publikationer/2013/MOTHNILS_Habitatkompendium2013.pdf,,,,,,,,,,,,,,,,,Naturahabitat
8240 Karsthällmarker,8240 Karsthällmarker,,Naturahabitat,8240,http://www.slu.se/Documents/externwebben/s-fak/skoglig-resurshallning/Landskapsanalys_publikationer/2013/MOTHNILS_Habitatkompendium2013.pdf,,,,,,,,,,,,,,,,,Naturahabitat
8340 Glaciärer,8340 Glaciärer,,Naturahabitat,8340,http://www.slu.se/Documents/externwebben/s-fak/skoglig-resurshallning/Landskapsanalys_publikationer/2013/MOTHNILS_Habitatkompendium2013.pdf,,,,,,,,,,,,,,,,,Naturahabitat
"9007 Taiga, barrsumpskog","9007 Taiga, barrsumpskog",,Naturahabitat,9007,http://www.slu.se/Documents/externwebben/s-fak/skoglig-resurshallning/Landskapsanalys_publikationer/2013/MOTHNILS_Habitatkompendium2013.pdf,,,,,,,,,,,,,,,,,Naturahabitat
"9009 Taiga, naturlig störning","9009 Taiga, naturlig störning",,Naturahabitat,9009,http://www.slu.se/Documents/externwebben/s-fak/skoglig-resurshallning/Landskapsanalys_publikationer/2013/MOTHNILS_Habitatkompendium2013.pdf,,,,,,,,,,,,,,,,,Naturahabitat
9010 Taiga,9010 Taiga,,Naturahabitat,9010,http://www.slu.se/Documents/externwebben/s-fak/skoglig-resurshallning/Landskapsanalys_publikationer/2013/MOTHNILS_Habitatkompendium2013.pdf,,,,,,,,,,,,,,,,,Naturahabitat
9020 Nordlig ädellövskog,9020 Nordlig ädellövskog,,Naturahabitat,9020,http://www.slu.se/Documents/externwebben/s-fak/skoglig-resurshallning/Landskapsanalys_publikationer/2013/MOTHNILS_Habitatkompendium2013.pdf,,,,,,,,,,,,,,,,,Naturahabitat
9030 Landhöjningsskog,9030 Landhöjningsskog,,Naturahabitat,9030,http://www.slu.se/Documents/externwebben/s-fak/skoglig-resurshallning/Landskapsanalys_publikationer/2013/MOTHNILS_Habitatkompendium2013.pdf,,,,,,,,,,,,,,,,,Naturahabitat
9040 Fjällbjörkskog,9040 Fjällbjörkskog,,Naturahabitat,9040,http://www.slu.se/Documents/externwebben/s-fak/skoglig-resurshallning/Landskapsanalys_publikationer/2013/MOTHNILS_Habitatkompendium2013.pdf,,,,,,,,,,,,,,,,,Naturahabitat
9050 Näringsrik granskog,9050 Näringsrik granskog,,Naturahabitat,9050,http://www.slu.se/Documents/externwebben/s-fak/skoglig-resurshallning/Landskapsanalys_publikationer/2013/MOTHNILS_Habitatkompendium2013.pdf,,,,,,,,,,,,,,,,,Naturahabitat
9060 Åsbarrskog,9060 Åsbarrskog,,Naturahabitat,9060,http://www.slu.se/Documents/externwebben/s-fak/skoglig-resurshallning/Landskapsanalys_publikationer/2013/MOTHNILS_Habitatkompendium2013.pdf,,,,,,,,,,,,,,,,,Naturahabitat
9070 Trädklädd betesmark,9070 Trädklädd betesmark,,Naturahabitat,9070,http://www.slu.se/Documents/externwebben/s-fak/skoglig-resurshallning/Landskapsanalys_publikationer/2013/MOTHNILS_Habitatkompendium2013.pdf,,,,,,,,,,,,,,,,,Naturahabitat
9080 Lövsumpskog,9080 Lövsumpskog,,Naturahabitat,9080,http://www.slu.se/Documents/externwebben/s-fak/skoglig-resurshallning/Landskapsanalys_publikationer/2013/MOTHNILS_Habitatkompendium2013.pdf,,,,,,,,,,,,,,,,,Naturahabitat
9110 Näringsfattig bokskog,9110 Näringsfattig bokskog,,Naturahabitat,9110,http://www.slu.se/Documents/externwebben/s-fak/skoglig-resurshallning/Landskapsanalys_publikationer/2013/MOTHNILS_Habitatkompendium2013.pdf,,,,,,,,,,,,,,,,,Naturahabitat
9130 Näringsrik bokskog,9130 Näringsrik bokskog,,Naturahabitat,9130,http://www.slu.se/Documents/externwebben/s-fak/skoglig-resurshallning/Landskapsanalys_publikationer/2013/MOTHNILS_Habitatkompendium2013.pdf,,,,,,,,,,,,,,,,,Naturahabitat
9160 Näringsrik ekskog,9160 Näringsrik ekskog,,Naturahabitat,9160,http://www.slu.se/Documents/externwebben/s-fak/skoglig-resurshallning/Landskapsanalys_publikationer/2013/MOTHNILS_Habitatkompendium2013.pdf,,,,,,,,,,,,,,,,,Naturahabitat
9180 Ädellövskog i branter,9180 Ädellövskog i branter,,Naturahabitat,9180,http://www.slu.se/Documents/externwebben/s-fak/skoglig-resurshallning/Landskapsanalys_publikationer/2013/MOTHNILS_Habitatkompendium2013.pdf,,,,,,,,,,,,,,,,,Naturahabitat
9190 Näringsfattig ekskog,9190 Näringsfattig ekskog,,Naturahabitat,9190,http://www.slu.se/Documents/externwebben/s-fak/skoglig-resurshallning/Landskapsanalys_publikationer/2013/MOTHNILS_Habitatkompendium2013.pdf,,,,,,,,,,,,,,,,,Naturahabitat
9740 Skogsbevuxen myr,9740 Skogsbevuxen myr,,Naturahabitat,9740,http://www.slu.se/Documents/externwebben/s-fak/skoglig-resurshallning/Landskapsanalys_publikationer/2013/MOTHNILS_Habitatkompendium2013.pdf,,,,,,,,,,,,,,,,,Naturahabitat
9750 Svämlövskog,9750 Svämlövskog,,Naturahabitat,9750,http://www.slu.se/Documents/externwebben/s-fak/skoglig-resurshallning/Landskapsanalys_publikationer/2013/MOTHNILS_Habitatkompendium2013.pdf,,,,,,,,,,,,,,,,,Naturahabitat
9760 Svämädellövskog,9760 Svämädellövskog,,Naturahabitat,9760,http://www.slu.se/Documents/externwebben/s-fak/skoglig-resurshallning/Landskapsanalys_publikationer/2013/MOTHNILS_Habitatkompendium2013.pdf,,,,,,,,,,,,,,,,,Naturahabitat
9915 Trädklädda inlandsdyner,9915 Trädklädda inlandsdyner,,Naturahabitat,9915,http://www.slu.se/Documents/externwebben/s-fak/skoglig-resurshallning/Landskapsanalys_publikationer/2013/MOTHNILS_Habitatkompendium2013.pdf,,,,,,,,,,,,,,,,,Naturahabitat
9999 Icke habitat,9999 Icke habitat,,Naturahabitat,9999,http://www.slu.se/Documents/externwebben/s-fak/skoglig-resurshallning/Landskapsanalys_publikationer/2013/MOTHNILS_Habitatkompendium2013.pdf,,,,,,,,,,,,,,,,,Naturahabitat
Ag,Cladium mariscus,Halvgräs,SmaProvArt,Ag,http://www.biopix.net/search.aspx?q=Cladium%20mariscus,Cladium mariscus,Stor art,,,,,,,,,Vatten,,Dike,Kalkhällmark,,,
Almar,,Almväxter,TradBuskArt,Almar,http://sv.wikipedia.org/wiki/Almsl%C3%A4ktet,,,,Träd,,,,,,,,,,,,,
Alsikeklöver,Trifolium hybridum,Ärtväxter,SmaProvArt,Alsikeklover,https://sv.wikipedia.org/wiki/Alsikekl%C3%B6ver,Trifolium hybridum,,,,,,,,,,,,,,,,
Andmat (ej kors-),Lemna minor,Kallaväxter,SmaProvArt,Andmat,https://sv.wikipedia.org/wiki/Andmat,Lemna minor,,,,,,,,,,Vatten,,Dike,,,,
Apel,Malus sylvestris/M.domesticus,Rosväxter,TradBuskArt,Apel,http://sv.wikipedia.org/wiki/%C3%84pple,Malus sylvestris/M.domesticus,,,Träd,Bärande,,,,,,,,,,,,
Ask,,Syrenväxter,TradBuskArt,Ask,https://sv.wikipedia.org/wiki/Ask_(tr%C3%A4d),,,,Träd,,,,,,,,,,,,,
Asp,,Videväxter,TradBuskArt,Asp,https://sv.wikipedia.org/wiki/Asp_(tr%C3%A4d),,,,Träd,,,,,,,,,,,,,
Avenbok,,Björkväxter,TradBuskArt,Avenbok,https://sv.wikipedia.org/wiki/Avenbok,,,,Träd,,,,,,,,,,,,,
Back-/br-/vårförg.,Myosotis ramosissima/M. discolor/M. stricta,Strävbladiga,SmaProvArt,Back_brok_varforgatmigej,https://sv.wikipedia.org/wiki/Backf%C3%B6rg%C3%A4tmigej,Myosotis ramosissima/M. discolor/M. stricta,,,,,,,,,,,,,Kalkhällmark,,Hällmark,
Backglim,Silene nutans,Nejlikväxter,SmaProvArt,Backglim,https://sv.wikipedia.org/wiki/Backglim,Silene nutans,,,,,Gräsmark,,,,,,,,,,Hällmark,
Backklöver,Trifolium montanum,Ärtväxter,SmaProvArt,Backklover,https://sv.wikipedia.org/wiki/Backkl%C3%B6ver,Trifolium montanum,,,,,Gräsmark,,,,,,,,,,,
Backnejlika,Dianthus deltoides,Nejlikväxter,SmaProvArt,Backnejlika,https://sv.wikipedia.org/wiki/Backnejlika,Dianthus deltoides,,,,,,,,,,,,,,Artrikt,,
Backtimjan,Thymus serpyllum,Kransblommiga,SmaProvArt,Backtimjan,https://sv.wikipedia.org/wiki/Backtimjan,Thymus serpyllum,,,,,,,,,K,,,,Kalkhällmark,Artrikt,Hällmark,
Baldersbrå,Tripleurospermum inodorum,Korgblommiga,SmaProvArt,Baldersbra,https://sv.wikipedia.org/wiki/Baldersbr%C3%A5,Tripleurospermum inodorum,,,,,,,,,,,,,,,,
Benved,,Benvedsväxter,TradBuskArt,Benved,https://sv.wikipedia.org/wiki/Benved,,,,Buskar,,,,,,,,,,,,,
Berberis,,Berberisväxter,TradBuskArt,Berberis,https://sv.wikipedia.org/wiki/Berberis,,,,Buskar,Bärande,,,,,,,,,,,,
Bergglim,Silene rupestris,Nejlikväxter,SmaProvArt,Bergglim,https://sv.wikipedia.org/wiki/Bergglim,Silene rupestris,,,,,,,,,K,,,,,,Hällmark,
Bergraggmossa,Racomitrium heterostichum,Mossor,SmaProvArt,Bergraggmossa,https://sv.wikipedia.org/wiki/Bergraggmossa,Racomitrium heterostichum,,,,,,,Mossor,,,,,,,,Hällmark,
Bergslok,Melica nutans,Gräs,SmaProvArt,Bergslok,,Melica nutans,,,,,,,,,,,,,,,,
Bergsyra,Rumex acetosella,Slideväxter,SmaProvArt,Bergsyra,https://sv.wikipedia.org/wiki/Bergsyra,Rumex acetosella,,,,,,,,,K,,,,,Artrikt,Hällmark,
Bergtall,,Tallväxter,TradBuskArt,Bergtall,https://sv.wikipedia.org/wiki/Bergtall,,,,Träd,,,,,,,,,,,,,
Björkar,,Björkväxter,TradBuskArt,Bjorkar,https://sv.wikipedia.org/wiki/Bj%C3%B6rkar,,,,Träd,,,,,,,,,,,,,
Björnbrodd,,,SmaProvArt,Bjornbrodd,,,,,,,Gräsmark,Våtmark,,,,,,,,,,
Björnbär,Rubus Rubus,Rosväxter,TradBuskArt,Bjornbar,https://sv.wikipedia.org/wiki/Bj%C3%B6rnb%C3%A4r,Rubus Rubus,,,Buskar,Bärande,,,,,,,,,,,,
Blodnäva,Geranium sanguineum,Näveväxter,SmaProvArt,Blodnava,https://sv.wikipedia.org/wiki/Blodn%C3%A4va,Geranium sanguineum,,,,,Gräsmark,,,,,,,,Kalkhällmark,,Hällmark,
Blodrot,Potentilla erecta,Rosväxter,SmaProvArt,Blodrot,https://sv.wikipedia.org/wiki/Blodrot,Potentilla erecta,,,,,,,,,,,,,Kalkhällmark,,,
Blomsterlupin,Lupinus polyphyllus,Ärtväxter,SmaProvArt,Blomsterlupin,https://sv.wikipedia.org/wiki/Blomsterlupin,Lupinus polyphyllus,Stor art,,,,,,,,,,,,,,,
Blå-/gullucern,Medicago sativa subsp. sativa/falcata,Ärtväxter,SmaProvArt,Bla_gullucern,https://sv.wikipedia.org/wiki/Bl%C3%A5-/gullucern,Medicago sativa subsp. sativa/falcata,,,,,,,,,,,,,,,,
Blåbär,Vaccinium myrtillus,Ljungväxter,SmaProvArt,Blabar,https://sv.wikipedia.org/wiki/Bl%C3%A5b%C3%A4r,Vaccinium myrtillus,,,,,,,,,,,,,,,,
Blåhallon,Rubus caesius,Rosväxter,TradBuskArt,Blahallon,https://sv.wikipedia.org/wiki/Bl%C3%A5hallon,Rubus caesius,,,Buskar,Bärande,,,,,,,,,,,,
Blåklint,Centaurea cyanus,Korgblommiga,SmaProvArt,Blaklint,https://sv.wikipedia.org/wiki/Bl%C3%A5klint,Centaurea cyanus,,,,,,,,,,,,,,Artrikt,,
Blåsstarr,Carex vesicaria,Halvgräs,SmaProvArt,Blasstarr,https://sv.wikipedia.org/wiki/Bl%C3%A5sstarr,Carex vesicaria,Stor art,,,,,,,,,Vatten,,Dike,,,,
Blåsuga,Ajuga pyramidalis,Kransblommiga,SmaProvArt,Blasuga,https://sv.wikipedia.org/wiki/Bl%C3%A5suga,Ajuga pyramidalis,,,,,,,,,,,,,,,,
Blåtry,Lonicera caerulea,Kaprifolväxter,TradBuskArt,Blatry,https://sv.wikipedia.org/wiki/Bl%C3%A5try,Lonicera caerulea,,,Buskar,,,,,,,,,,,,,
Blåtåtel,Molinia caerulea,Gräs,SmaProvArt,Blatatel,https://sv.wikipedia.org/wiki/Bl%C3%A5t%C3%A5tel,Molinia caerulea,Stor art,,,,,,,,,,,,,,,
Bockrot,Pimpinella saxifraga,Flockblommiga,SmaProvArt,Bockrot,https://sv.wikipedia.org/wiki/Bockrot,Pimpinella saxifraga,,,,,,,,,,,,,,Artrikt,,
Bok,,Bokväxter,TradBuskArt,Bok,https://sv.wikipedia.org/wiki/Bok,,,,Träd,,,,,,,,,,,,,
Borsttistel,Cirsium heterophyllum,Korgblommiga,SmaProvArt,Borsttistel,https://sv.wikipedia.org/wiki/Borsttistel,Cirsium heterophyllum,Stor art,,,,,,,,,,,,,,,
Borsttåg,Juncus squarrosus,Tågväxter,SmaProvArt,Borsttag,https://sv.wikipedia.org/wiki/Borstt%C3%A5g,Juncus squarrosus,,,,,,,,,,,,,,,,
Brakved,Rhamnus frangula,Brakvedsväxter,TradBuskArt,Brakved,https://sv.wikipedia.org/wiki/Brakved,Rhamnus frangula,,,Buskar,Bärande,,,,,,,,,,,,
Brokstarr ,Carex bicolor ,,SmaProvArt,Brokstarr ,http://linnaeus.nrm.se/flora/mono/cypera/carex/carebic.html,,,,,,Gräsmark,,,,,,,,,,,
Brosklavar,Ramalina,Lavar,SmaProvArt,Brosklavar,,Ramalina,,,,,,,,Lavar,,,,,,,Hällmark,
Brudbröd,Filipendula vulgaris,Rosväxter,SmaProvArt,Brudbrod,https://sv.wikipedia.org/wiki/Brudbr%C3%B6d,Filipendula vulgaris,,,,,Gräsmark,,,,,,,,Kalkhällmark,Artrikt,Hällmark,
Brun-/nickskära,Bidens tripartita,Korgblommiga,SmaProvArt,Brunskara,https://sv.wikipedia.org/wiki/Brun-/nicksk%C3%A4ra,Bidens tripartita,,,,,,,,,,,,,,,,
Brunört,Prunella vulgaris,Kransblommiga,SmaProvArt,Brunort,https://sv.wikipedia.org/wiki/Brun%C3%B6rt,Prunella vulgaris,,,,,,,,,,,,,,,,
Brännässla,Urtica dioica,Nässelväxter,SmaProvArt,Brannassla,https://sv.wikipedia.org/wiki/Br%C3%A4nn%C3%A4ssla,Urtica dioica,Stor art,,,,,,,,,,,,,,,
Buskviol,Viola hirta,Violväxter,SmaProvArt,Buskviol,https://sv.wikipedia.org/wiki/Buskviol,Viola hirta,,,,,,,,,,,,,,,,
Cembratall,,Tallväxter,TradBuskArt,Cembratall,https://sv.wikipedia.org/wiki/Cembratall,,,,Träd,,,,,,,,,,,,,
Cikoria,Cichorium intybus,Korgblommiga,SmaProvArt,Cikoria,https://sv.wikipedia.org/wiki/Cikoria,Cichorium intybus,,,,,,,,,,,,,Kalkhällmark,Artrikt,,
Contortatall,,Tallväxter,TradBuskArt,Contortatall,https://sv.wikipedia.org/wiki/Contortatall,,,,Träd,,,,,,,,,,,,,
Cypressfläta,Hypnum cupressiforme,Mossor,SmaProvArt,Cypressflata,https://sv.wikipedia.org/wiki/Cypressfläta,Hypnum cupressiforme,,,,,,,Mossor,,,,,,,,Hällmark,
Daggkåpor (alla),Alchemilla,Rosväxter,SmaProvArt,DaggKapor,https://sv.wikipedia.org/wiki/Daggk%C3%A5por,Alchemilla,,,,,,,,,,,,,,,,
Darrgräs,Briza media,Gräs,SmaProvArt,Darrgras,https://sv.wikipedia.org/wiki/Darrgr%C3%A4s,Briza media,,,,,Gräsmark,,,,,,,,Kalkhällmark,Artrikt,,
Druvfläder,Sambucus racemosa,Desmeknoppsväxter,TradBuskArt,Druvflader,https://sv.wikipedia.org/wiki/Druvfl%C3%A4der,Sambucus racemosa,,,Buskar,Bärande,,,,,,,,,,,,
Duv-/sparvvicker,Vicia hirsuta/V. tetrasperma,Ärtväxter,SmaProvArt,Duv_sparvvicker,https://sv.wikipedia.org/wiki/Duv-/sparvvicker,Vicia hirsuta/V. tetrasperma,,,,,,,,,,,,,Kalkhällmark,,,
Dvärgbjörk,,Björkväxter,TradBuskArt,Dvargbjork,https://sv.wikipedia.org/wiki/Dv%C3%A4rgbj%C3%B6rk,,,,Buskar,,,,,,,,,,,,,
Dvärglummer,,,SmaProvArt,Dvarglummer,,,,,,,Gräsmark,Våtmark,,,,,,,,,,
Dyblad,Hydrocharis morsus-ranae,Dybladsväxter,SmaProvArt,Dyblad,https://sv.wikipedia.org/wiki/Dyblad,Hydrocharis morsus-ranae,,,,,,,,,,Vatten,,Dike,,,,
Dån (alla),Galeopsis,Kransblommiga,SmaProvArt,Dan,https://sv.wikipedia.org/wiki/D%C3%A5nsl%C3%A4ktet,Galeopsis,,,,,,,,,,,,,,,,
Döda barrträd,,Döda,TradBuskArt,Barrtrad_doda,http://vignette1.wikia.nocookie.net/shakeitup/images/f/f2/Bye_Gravestone.jpg/revision/latest?cb=20130329160659,,,,Träd,,,,,,,,,,,,,
Döda lövbuskar,,Döda,TradBuskArt,Lovbuskar_doda,http://vignette1.wikia.nocookie.net/shakeitup/images/f/f2/Bye_Gravestone.jpg/revision/latest?cb=20130329160659,,,,Buskar,,,,,,,,,,,,,
Döda lövträd,,Döda,TradBuskArt,Lovtrad_doda,http://vignette1.wikia.nocookie.net/shakeitup/images/f/f2/Bye_Gravestone.jpg/revision/latest?cb=20130329160659,,,,Träd,,,,,,,,,,,,,
Ekar,,Bokväxter,TradBuskArt,Ekar,https://sv.wikipedia.org/wiki/Ekar,,,,Träd,,,,,,,,,,,,,
Ekbräken,Gymnocarpium dryopteris,Stenbräkenväxter,SmaProvArt,Ekbraken,https://sv.wikipedia.org/wiki/Ekbr%C3%A4ken,Gymnocarpium dryopteris,,,,,,,,,,,,,,,,
Ekorrbär,Maianthemum bifolium,Sparrisväxter,SmaProvArt,Ekorrbar,https://sv.wikipedia.org/wiki/Ekorrb%C3%A4r,Maianthemum bifolium,,,,,,,,,,,,,,,,
"En, död",,Döda,TradBuskArt,En_dod,http://images.fineartamerica.com/images-medium-5/twisted-juniper-tree-at-dead-horse-point-alex-cassels.jpg,,,,Buskar,,,,,,,,,,,,,
"En, levande",,Cypressväxter,TradBuskArt,En,https://sv.wikipedia.org/wiki/En,,,,Buskar,,,,,,,,,,,,,
Enbjörnmossa,Polytrichum juniperinum,Mossor,SmaProvArt,Enbjornmossa,https://sv.wikipedia.org/wiki/Enbj%C3%B6rnmossa,Polytrichum juniperinum,,,,,,,Mossor,,,,,,,,,
Enlav,Vulpicida juniperinus,Lavar,SmaProvArt,Enlav,,,,,,,,,,,,,,,Kalkhällmark,,,
Fackelblomster,Lythrum salicaria,Fackelblomsväxter,SmaProvArt,Fackelblomster,https://sv.wikipedia.org/wiki/Fackelblomster,Lythrum salicaria,,,,,,,,,,,,,,,,
Femfingerört,Potentilla argentea,Rosväxter,SmaProvArt,Femfingerort,https://sv.wikipedia.org/wiki/Femfinger%C3%B6rt,Potentilla argentea,,,,,,,,,K,,,,Kalkhällmark,Artrikt,Hällmark,
Filtlavar övriga,Peltigera,Lavar,SmaProvArt,Filtlavar_ovriga,,Peltigera,,,,,,,,Lavar,,,,,,,Hällmark,
Fintrå. grönalger,Cladophora ,Grönalger,SmaProvArt,Gronalger_fintradiga,https://sv.wikipedia.org/wiki/Gr%C3%B6nalger,Cladophora ,,,,,,,,,,Vatten,,Dike,,,,
Fjällig svavellav,Fulgensia bracteata,Lavar,SmaProvArt,Fjallig_svavellav,,,,,,,,,,,,,,,Kalkhällmark,,,
Flaskstarr,Carex rostrata,Halvgräs,SmaProvArt,Flaskstarr,https://sv.wikipedia.org/wiki/Flaskstarr/bl%C3%A5starr,Carex rostrata,Stor art,,,,,,,,,Vatten,,Dike,,,,
Flentimotej,Phleum phleoides,Gräs,SmaProvArt,Flentimotej,https://sv.wikipedia.org/wiki/Flentimotej,Phleum phleoides,,,,,Gräsmark,,,,,,,,Kalkhällmark,,,
Flockfibbla,Hieracium umbellatum,Korgblommiga,SmaProvArt,Flockfibbla,https://sv.wikipedia.org/wiki/Flockfibbla,Hieracium umbellatum,,,,,,,,,,,,,,,,
Flugblomster,,,SmaProvArt,Flugblomster,,,,,,,Gräsmark,Våtmark,,,,,,,,,,
Fläder,Sambucus nigra,Desmeknoppsväxter,TradBuskArt,Flader,https://sv.wikipedia.org/wiki/Fl%C3%A4der,Sambucus nigra,,,Buskar,Bärande,,,,,,,,,,,,
Främ. Picea,,Tallväxter,TradBuskArt,Picea,https://sv.wikipedia.org/wiki/Picea,,,,Träd,,,,,,,,,,,,,
Fyrkantig johannesört,Hypericum maculatum,Johannesörtsväxter,SmaProvArt,Fyrkantig_johannesort,https://sv.wikipedia.org/wiki/Fyrkantig_johannes%C3%B6rt,Hypericum maculatum,,,,,,,,,,,,,Kalkhällmark,,Hällmark,
Fårsvingel,Festuca ovina,Gräs,SmaProvArt,Farsvingel,https://sv.wikipedia.org/wiki/F%C3%A5rsvingel,Festuca ovina,,,,,,,,,,,,,Kalkhällmark,Artrikt,,
Fält-/vårveronika,Veronica arvensis/V. verna,Grobladsväxter,SmaProvArt,Falt_varveronika,http://linnaeus.nrm.se/flora/di/scrophularia/veron/veroarv.html,Veronica arvensis/V. verna,,,,,,,,,K,,,,Kalkhällmark,,Hällmark,
Fältmalört,Artemisia campestris,Korgblommiga,SmaProvArt,Faltmalort,https://sv.wikipedia.org/wiki/F%C3%A4ltmal%C3%B6rt,Artemisia campestris,,,,,,,,,,,,,Kalkhällmark,,Hällmark,
Gatkamomill,Matricaria discoidea,Korgblommiga,SmaProvArt,Gatkamomill,https://sv.wikipedia.org/wiki/Gatkamomill,Matricaria discoidea,,,,,,,,,,,,,,,,
Gelélavar,Collema,Lavar,SmaProvArt,Gelelavar,,Collematacae,,,,,,,,Lavar,,,,,,,Hällmark,
Getapel,Rhamnus cathartica,Brakvedsväxter,TradBuskArt,Getapel,https://sv.wikipedia.org/wiki/Getapel,Rhamnus cathartica,,,Buskar,Bärande,,,,,,,,,,,,
Getrams,Polygonatum odoratum,Sparrisväxter,SmaProvArt,Getrams,https://sv.wikipedia.org/wiki/Getrams,Polygonatum odoratum,,,,,,,,,,,,,,,Hällmark,
Getväppling,Anthyllis vulneraria,Ärtväxter,SmaProvArt,Getvappling,https://sv.wikipedia.org/wiki/Getv%C3%A4ppling,Anthyllis vulneraria,,,,,Gräsmark,,,,,,,,Kalkhällmark,Artrikt,,
Glansvide,,Videväxter,TradBuskArt,Glansvide,https://sv.wikipedia.org/wiki/Glansvide,,,,Buskar,,,,,,,,,,,,,
Gran,,Tallväxter,TradBuskArt,Gran,https://sv.wikipedia.org/wiki/Gran,,,,Träd,,,,,,,,,,,,,
Granspira,Pedicularis sylvatica,Snyltrotsväxter,SmaProvArt,Granspira,https://sv.wikipedia.org/wiki/Granspira,Pedicularis sylvatica,,,,,,,,,,,,,,,,
Gren-/brunrör,Calamagrostis phragmitoides/C. canescens,Gräs,SmaProvArt,Gren_brunror,https://sv.wikipedia.org/wiki/Brun-/grenr%C3%B6r,Calamagrostis phragmitoides,Stor art,,,,,,,,,Vatten,,Dike,,,,
Grimmior med hårudd,Grimmia,Mossor,SmaProvArt,Grimmior,https://sv.wikipedia.org/wiki/Grimmior med hårudd,Grimmia,,,,,,,Mossor,,K,,,,,,Hällmark,
Groblad,Plantago major,Grobladsväxter,SmaProvArt,Groblad,https://sv.wikipedia.org/wiki/Groblad,Plantago major,,,,,,,,,,,,,,,,
Grusbräcka,Saxifraga tridactylites,Stenbräckeväxter,SmaProvArt,Grusbracka,https://sv.wikipedia.org/wiki/Grusbr%C3%A4cka,Saxifraga tridactylites,,,,,,,,,T,,,,Kalkhällmark,,Hällmark,
Grå raggmossa,Racomitrium lanuginosum,Mossor,SmaProvArt,Gra_raggmossa,https://sv.wikipedia.org/wiki/Grå raggmossa,Racomitrium lanuginosum,,,,,,,Mossor,,,,,,,,Hällmark,
Grå-/Mattfibbla,Pilosella officinarum,Korgblommiga,SmaProvArt,GraMattfibbla,https://sv.wikipedia.org/wiki/Gråfibbla,Pilosella officinarum,,,,,,,,,K,,,,Kalkhällmark,Artrikt,Hällmark,
Gråal,,Björkväxter,TradBuskArt,Graal,https://sv.wikipedia.org/wiki/Gr%C3%A5al,,,,Träd,,,,,,,,,,,,,
Gråbo,Artemisia vulgaris,Korgblommiga,SmaProvArt,Grabo,https://sv.wikipedia.org/wiki/Gr%C3%A5bo,Artemisia vulgaris,Stor art,,,,,,,,,,,,,,,
Gräshakmossa,Rhytidiadelphus squarrosus,Mossor,SmaProvArt,Grashakmossa,https://sv.wikipedia.org/wiki/Gr%C3%A4shakmossa,Rhytidiadelphus squarrosus,,,,,,,Mossor,,,,,,,,,
Grässtjärnblomma,Stellaria graminea,Nejlikväxter,SmaProvArt,Grasstjarnblomma,https://sv.wikipedia.org/wiki/Gr%C3%A4sstj%C3%A4rnblomma,Stellaria graminea,,,,,,,,,,,,,,,,
Gräsull,,,SmaProvArt,Grasull,,,,,,,Gräsmark,Våtmark,,,,,,,,,,
Gröe-arter övriga,Poa,Gräs,SmaProvArt,Groe_arter_ovriga,https://sv.wikipedia.org/wiki/Gr%C3%B6e-arter %C3%B6vriga,Poa,,,,,,,,,,,,,Kalkhällmark,,,
Grönkulla,,,SmaProvArt,Gronkulla,,,,,,,Gräsmark,,,,,,,,,,,
Gul fetknopp,Sedum acre,Fetbladsväxter,SmaProvArt,Gul_fetknopp,https://sv.wikipedia.org/wiki/Gul_fetknopp,Sedum acre,,,,,,,,,T,,,,Kalkhällmark,Artrikt,Hällmark,
Gul näckros,Nuphar lutea,Näckrosväxter,SmaProvArt,Gul_nackros,https://sv.wikipedia.org/wiki/Gul_n%C3%A4ckros,Nuphar lutea,,,,,,,,,,Vatten,,Dike,,,,
Gul svärdslilja,Iris pseudacorus,Irisväxter,SmaProvArt,Gul_svardslilja,https://sv.wikipedia.org/wiki/sv%C3%A4rdslilja,Iris pseudacorus,Stor art,,,,,,,,,,,,,,,
Gula raggmossor,Racomitrium canescens-gr,Mossor,SmaProvArt,Gula_raggmossor,https://sv.wikipedia.org/wiki/Gula raggmossor,Racomitrium canescens-gr,,,,,,,Mossor,,,,,,,,Hällmark,
Gulkämpar,Plantago maritima,Grobladsväxter,SmaProvArt,Gulkampar,https://sv.wikipedia.org/wiki/Gulk%C3%A4mpar,Plantago maritima,,,,,,,,,,,,,,,,
Gullris,Solidago virgaurea,Korgblommiga,SmaProvArt,Gullris,https://sv.wikipedia.org/wiki/Gullris,Solidago virgaurea,,,,,,,,,,,,,,,,
Gullviva,Primula veris,Viveväxter,SmaProvArt,Gullviva,https://sv.wikipedia.org/wiki/Gullviva,Primula veris,,,,,,,,,,,,,Kalkhällmark,Artrikt,,
Gulmåra,Galium verum,Måreväxter,SmaProvArt,Gulmara,https://sv.wikipedia.org/wiki/Gulm%C3%A5ra,Galium verum,,,,,,,,,,,,,Kalkhällmark,Artrikt,,
Gulsporre,Linaria vulgaris,Grobladsväxter,SmaProvArt,Gulsporre,https://sv.wikipedia.org/wiki/Gulsporre,Linaria vulgaris,,,,,,,,,,,,,Kalkhällmark,,,
Gulvial,Lathyrus pratensis,Ärtväxter,SmaProvArt,Gulvial,https://sv.wikipedia.org/wiki/Gulvial,Lathyrus pratensis,,,,,,,,,,,,,,,,
Gåsört,Argentina anserina,Rosväxter,SmaProvArt,Gasort,https://sv.wikipedia.org/wiki/G%C3%A5s%C3%B6rt,Argentina anserina,,,,,,,,,,,,,,,,
Gäddnate,Potamogeton natans,Nateväxter,SmaProvArt,Gaddnate,https://sv.wikipedia.org/wiki/G%C3%A4ddnate,Potamogeton natans,,,,,,,,,,Vatten,,,,,,
Gökblomster,Lychnis flos-cuculi,Nejlikväxter,SmaProvArt,Gokblomster,https://sv.wikipedia.org/wiki/G%C3%B6kblomster,Lychnis flos-cuculi,,,,,,,,,,,,,,,,
Gökärt,Lathyrus linifolius,Ärtväxter,SmaProvArt,Gokart,https://sv.wikipedia.org/wiki/G%C3%B6k%C3%A4rt,Lathyrus linifolius,,,,,,,,,,,,,,,,
Hagfibblor,Hieracium sect. Vulgata,Korgblommiga,SmaProvArt,Hagfibblor,https://sv.wikipedia.org/wiki/Hagfibblor,Hieracium sect. Vulgata,,,,,,,,,,,,,,,,
Hagtorn,Crataegus,Rosväxter,TradBuskArt,Hagtorn,https://sv.wikipedia.org/wiki/Hagtorn,Crataegus,,,Buskar,Bärande,,,,,,,,,,,,
Hallon,Rubus idaeus,Rosväxter,TradBuskArt,Hallon,https://sv.wikipedia.org/wiki/Hallon,Rubus idaeus,,,Buskar,Bärande,,,,,,,,,,,,
Harklöver,Trifolium arvense,Ärtväxter,SmaProvArt,Harklover,https://sv.wikipedia.org/wiki/Harkl%C3%B6ver,Trifolium arvense,,,,,,,,,K,,,,,Artrikt,Hällmark,
Harkål,Lapsana communis,Korgblommiga,SmaProvArt,Harkal,https://sv.wikipedia.org/wiki/Hark%C3%A5l,Lapsana communis,,,,,,,,,,,,,,,,
Harmynta,Clinopodium acinos,Kransblommiga,SmaProvArt,Harmynta,https://sv.wikipedia.org/wiki/Harmynta,Clinopodium acinos,,,,,,,,,,,,,Kalkhällmark,,Hällmark,
Harris,,Ärtväxter,TradBuskArt,Harris,https://sv.wikipedia.org/wiki/Harris,,,,Buskar,,,,,,,,,,,,,
Harsyra,Oxalis acetosella,Harsyreväxter,SmaProvArt,Harsyra,https://sv.wikipedia.org/wiki/Harsyra,Oxalis acetosella,,,,,,,,,,,,,,,,
Hassel,Corylus avellana,Björkväxter,TradBuskArt,Hassel,https://sv.wikipedia.org/wiki/Hassel,Corylus avellana,,,Buskar,Bärande,,,,,,,,,,,,
Havssälting,Triglochin maritimum,Sältingväxter,SmaProvArt,Havssalting,https://sv.wikipedia.org/wiki/Havss%C3%A4lting,Triglochin maritimum,,,,,,,,,,,,,,,,
Havtorn,Hippophaë rhamnoides,Havtornsväxter,TradBuskArt,Havtorn,https://sv.wikipedia.org/wiki/Havtorn,Hippophaë rhamnoides,,,Buskar,Bärande,,,,,,,,,,,,
Hedlavar,Cetraria aculeata/muricata,Lavar,SmaProvArt,Hedlavar,https://www.dyntaxa.se/Taxon/Info/1007862,Cetraria aculeata/muricata,,,,,,,,Lavar,,,,,,,Hällmark,
Hedsäv,Trichophorum cespitosum subsp. germanicum,Halvgräs,SmaProvArt,Hedsav,https://sv.wikipedia.org/wiki/Heds%C3%A4v,Trichophorum cespitosum subsp. germanicum,,,,,,,,,,,,,,,,
Hirsstarr,Carex panicea,Halvgräs,SmaProvArt,Hirsstarr,https://sv.wikipedia.org/wiki/Hirsstarr,Carex panicea,,,,,,,,,,,,,Kalkhällmark,,,
Hjortron,Rubus chamaemorus,Rosväxter,SmaProvArt,Hjortron,https://sv.wikipedia.org/wiki/Hjortron,Rubus chamaemorus,,,,,,,,,,,,,,,,
Humleblomster,Geum rivale,Rosväxter,SmaProvArt,Humleblomster,https://sv.wikipedia.org/wiki/Humleblomster,Geum rivale,,,,,,,,,,,,,,,,
Humlelucern,Medicago lupulina,Ärtväxter,SmaProvArt,Humlelucern,https://sv.wikipedia.org/wiki/Humlelucern,Medicago lupulina,,,,,,,,,,,,,,,,
Hundkäx,Anthriscus sylvestris,Flockblommiga,SmaProvArt,Hundkax,https://sv.wikipedia.org/wiki/Hundk%C3%A4x,Anthriscus sylvestris,Stor art,,,,,,,,,,,,,,,
Hundstarr,Carex nigra,Halvgräs,SmaProvArt,Hundstarr,https://sv.wikipedia.org/wiki/Hundstarr,Carex nigra,,,,,,,,,,,,,,,,
Hundäxing,Dactylis glomerata,Gräs,SmaProvArt,Hundaxing,https://sv.wikipedia.org/wiki/Hund%C3%A4xing,Dactylis glomerata,,,,,,,,,,,,,Kalkhällmark,,,
Husmossa,Hylocomium splendens,Mossor,SmaProvArt,Husmossa,https://sv.wikipedia.org/wiki/Husmossa,Hylocomium splendens,,,,,,,Mossor,,,,,,,,Hällmark,
Hårbjörnmossa,Polytrichum piliferum,Mossor,SmaProvArt,Harbjornmossa,https://sv.wikipedia.org/wiki/H%C3%A5rbj%C3%B6rnmossa,Polytrichum piliferum,,,,,,,Mossor,,,,,,,,Hällmark,
Hårnervmossa,Campylopus introflexus,Mossor,SmaProvArt,Harnervmossa,https://sv.wikipedia.org/wiki/H%C3%A5rnervmossa,Campylopus introflexus,,,,,,,Mossor,,,,,,,,Hällmark,
Hårstarr,,Halvgräs,SmaProvArt,Harstarr,,,,,,,Gräsmark,Våtmark,,,,,,,,,,
Häckvicker,Vicia sepium,Ärtväxter,SmaProvArt,Hackvicker,https://sv.wikipedia.org/wiki/H%C3%A4ckvicker,Vicia sepium,,,,,,,,,,,,,,,,
Hägg,Prunus padus,Rosväxter,TradBuskArt,Hagg,https://sv.wikipedia.org/wiki/H%C3%A4gg,Prunus padus,,,Träd,Bärande,,,,,,,,,,,,
Häggmisplar,Amelanchier,Rosväxter,TradBuskArt,Haggmisplar,https://sv.wikipedia.org/wiki/H%C3%A4ggmisplar,Amelanchier,,,Buskar,Bärande,,,,,,,,,,,,
Hästhov,Tussilago farfara,Korgblommiga,SmaProvArt,Hasthov,https://sv.wikipedia.org/wiki/H%C3%A4sthov,Tussilago farfara,,,,,,,,,,,,,,,,
Hästkastanj,Aesculus hippocastanum,Kinesträdsväxter,TradBuskArt,Hastkastanj,https://sv.wikipedia.org/wiki/H%C3%A4stkastanj,Aesculus hippocastanum,,,Träd,,,,,,,,,,,,,
Hönsarv,Cerastium fontanum,Nejlikväxter,SmaProvArt,Honsarv,https://sv.wikipedia.org/wiki/H%C3%B6nsarv,Cerastium fontanum,,,,,,,,,,,,,,,,
Höstfibbla,Scorzoneroides autumnalis,Korgblommiga,SmaProvArt,Hostfibbla,https://sv.wikipedia.org/wiki/H%C3%B6stfibbla,Scorzoneroides autumnalis,,,,,,,,,,,,,,,,
Idegran,Taxus baccata,Idegransväxter,TradBuskArt,Idegran,https://sv.wikipedia.org/wiki/Idegran,Taxus baccata,,,Träd,Bärande,,,,,,,,,,,,
Islandslavar,Cetraria islandica/ericetorum m.fl.,Lavar,SmaProvArt,Islandslavar,http://artfakta.artdatabanken.se/taxon/228548,Cetraria islandica/ericetorum m.fl.,,,,,,,,Lavar,,,,,,,Hällmark,
Jordreva,Glechoma hederacea,Kransblommiga,SmaProvArt,Jordreva,https://sv.wikipedia.org/wiki/Jordreva,Glechoma hederacea,,,,,,,,,,,,,,,,
Jordtistel,Cirsium acaule,,SmaProvArt,Jordtistel,,,,,,,Gräsmark,,,,,,,,Kalkhällmark,,,
Jungfru M nycklar,Dactylorhiza maculata subsp. maculata,Orkideer,SmaProvArt,Jungfru_Marie_nycklar,https://sv.wikipedia.org/wiki/Fl%C3%A4cknycklar,Dactylorhiza maculata subsp. maculata,,,,,,,,,,,,,,,,
Jungfrulin,Polygala vulgaris,Jungfrulinsväxter,SmaProvArt,Jungfrulin,https://sv.wikipedia.org/wiki/Jungfrulin,Polygala vulgaris,,,,,,,,,,,,,Kalkhällmark,Artrikt,,
Jättebalsamin,Impatiens glandulifera,Balsaminväxter,SmaProvArt,Jattebalsamin,https://sv.wikipedia.org/wiki/J%C3%A4ttebalsamin,Impatiens glandulifera,Stor art,,,,,,,,,,,,,,,
Jättegröe,Glyceria maxima,Gräs,SmaProvArt,Jattegroe,https://sv.wikipedia.org/wiki/J%C3%A4ttegr%C3%B6e,Glyceria maxima,Stor art,,,,,,,,,Vatten,,Dike,,,,
Jätteloka,Heracleum mantegazzianum,Flockblommiga,SmaProvArt,Jatteloka,https://sv.wikipedia.org/wiki/J%C3%A4tteloka,Heracleum mantegazzianum,Stor art,,,,,,,,,,,,,,,
Jätteslide,Reynoutria sachalinensis,Slideväxter,SmaProvArt,Jatteslide,https://sv.wikipedia.org/wiki/J%C3%A4tteslide,Reynoutria sachalinensis,Stor art,,,,,,,,,,,,,,,
Kabbleka,Caltha palustris,Ranunkelväxter,SmaProvArt,Kabbleka,https://sv.wikipedia.org/wiki/Kabbleka,Caltha palustris,,,,,,,,,,Vatten,,Dike,,,,
Kakmossa,Hedwigia ciliata,Mossor,SmaProvArt,Kakmossa,https://sv.wikipedia.org/wiki/Kakmossa,Hedwigia ciliata,,,,,,,Mossor,,,,,,,,Hällmark,
Kanad. gullris,Solidago canadensis,Korgblommiga,SmaProvArt,Kanadensiskt_gullris,https://sv.wikipedia.org/wiki/Kanadensiskt_gullris,Solidago canadensis,Stor art,,,,,,,,,,,,,,,
Kantig fetknopp,Sedum sexangulare,Fetbladsväxter,SmaProvArt,Kantig_fetknopp,https://sv.wikipedia.org/wiki/Kantig_fetknopp,Sedum sexangulare,,,,,Gräsmark,,,,T,,,,Kalkhällmark,,Hällmark,
Kaprifol/vildk.,Lonicera caprifolium/L. periclymenum,Kaprifolväxter,TradBuskArt,Kaprifol,https://sv.wikipedia.org/wiki/Kaprifol/vildkaprifol,Lonicera caprifolium/L. periclymenum,,,Buskar,Bärande,,,,,,,,,,,,
Kardborre-arter,Arctium spp.,Korgblommiga,SmaProvArt,Kardborre_arter,https://sv.wikipedia.org/wiki/Kardborre-arter,Arctium spp.,,,,,,,,,,,,,,,,
Kattfot,Antennaria dioica,Korgblommiga,SmaProvArt,Kattfot,https://sv.wikipedia.org/wiki/Kattfot,Antennaria dioica,,,,,,,,,T,,,,Kalkhällmark,Artrikt,,
Kaveldun(-ar),Typha latifolia/T. angustifolia,Halvgräs,SmaProvArt,Kaveldun,https://sv.wikipedia.org/wiki/Kaveldun,Typha latifolia/T. angustifolia,Stor art,,,,,,,,,Vatten,,Dike,,,,
Kirskål,Aegopodium podagraria,Flockblommiga,SmaProvArt,Kirskal,https://sv.wikipedia.org/wiki/Kirsk%C3%A5l,Aegopodium podagraria,Stor art,,,,,,,,,,,,,,,
Klasefibbla,Crepis praemorsa,Korgblommiga,SmaProvArt,Klasefibbla,https://sv.wikipedia.org/wiki/Klasefibbla,Crepis praemorsa,,,,,Gräsmark,,,,,,,,,,,
Klibbal,,Björkväxter,TradBuskArt,Klibbal,https://sv.wikipedia.org/wiki/Klibbal,,,,Träd,,,,,,,,,,,,,
Klockgentiana,Gentiana pneumonanthe,Gentianaväxter,SmaProvArt,Klockgentiana,https://sv.wikipedia.org/wiki/Klockgentiana,Gentiana pneumonanthe,,,,,,,,,,,,,,,,
Klockljung,Erica tetralix,Ljungväxter,SmaProvArt,Klockljung,https://sv.wikipedia.org/wiki/Klockljung,Erica tetralix,,,,,,,,,,,,,,,,
Klockmossor,Encalypta,Mossor,SmaProvArt,Klockmossor,https://sv.wikipedia.org/wiki/Klockmossor,Encalypta,,,,,,,Mossor,,,,,,,,Hällmark,
Klätt,Agrostemma githago,Nejlikväxter,SmaProvArt,Klatt,https://sv.wikipedia.org/wiki/Klätt,Agrostemma githago,,,,,,,,,,,,,,Artrikt,,
Knagglestarr-gruppen,,,SmaProvArt,Knagglestarr_gruppen,,,,,,,Gräsmark,Våtmark,,,,,,,,,,
Knapptåg,Juncus conglomeratus,Tågväxter,SmaProvArt,Knapptag,http://linnaeus.nrm.se/flora/mono/junca/juncu/junccon.html,Juncus conglomeratus,Stor art,,,,,,,,,Vatten,,Dike,,,,
Knipp-/ängsfryle,Luzula campestris/L. multiflora,Tågväxter,SmaProvArt,Knipp_angsfryle,https://sv.wikipedia.org/wiki/Knipp-/%C3%A4ngsfryle,Luzula campestris/L. multiflora,,,,,,,,,,,,,Kalkhällmark,,,
Knoppvitmossa,Sphagnum teres,Mossor,SmaProvArt,Knoppvitmossa,https://sv.wikipedia.org/wiki/Knoppvitmossa,Sphagnum teres,,,,,,,Mossor,,,,,,,,,
Knylhavre,Arrhenatherum elatius,Gräs,SmaProvArt,Knylhavre,https://sv.wikipedia.org/wiki/Knylhavre,Arrhenatherum elatius,Stor art,,,,,,,,,,,,Kalkhällmark,,,
Knägräs,Danthonia decumbens,Gräs,SmaProvArt,Knagras,https://sv.wikipedia.org/wiki/Kn%C3%A4gr%C3%A4s,Danthonia decumbens,,,,,,,,,,,,,Kalkhällmark,,Hällmark,
Knölsmörblomma,Ranunculus bulbosus,Ranunkelväxter,SmaProvArt,Knolsmorblomma,https://sv.wikipedia.org/wiki/Kn%C3%B6lsm%C3%B6rblomma,Ranunculus bulbosus,,,,,,,,,K,,,,Kalkhällmark,,,
Knölsyska,Stachys palustris,Kransblommiga,SmaProvArt,Knolsyska,https://sv.wikipedia.org/wiki/Kn%C3%B6lsyska,Stachys palustris,,,,,,,,,,,,,,,,
Kopparbryum,Bryum alpinum,Mossor,SmaProvArt,Kopparbryum,https://sv.wikipedia.org/wiki/Kopparbryum,Bryum alpinum,,,,,,,Mossor,,,,,,,,Hällmark,
Korvskorpionmossa,Scorpidium scorpioides,Mossor,SmaProvArt,Korvskorpionmossa,https://sv.wikipedia.org/wiki/Korvskorpionmossa,Scorpidium scorpioides,,,,,,Våtmark,Mossor,,,,,,Kalkhällmark,,,
Kranshakmossa,Rhytidiadelphus triquetrus,Mossor,SmaProvArt,Kranshakmossa,https://sv.wikipedia.org/wiki/Kranshakmossa,Rhytidiadelphus triquetrus,,,,,,,Mossor,,,,,,,,Hällmark,
Krusbär,Ribes uva-crispa,Rosväxter,TradBuskArt,Krusbar,https://sv.wikipedia.org/wiki/Krusb%C3%A4r,Ribes uva-crispa,,,Buskar,Bärande,,,,,,,,,,,,
Krustistel,Carduus crispus,Korgblommiga,SmaProvArt,Krustistel,https://sv.wikipedia.org/wiki/Krustistel,Carduus crispus,,,,,,,,,,,,,,,,
Kruståtel,Avenella flexuosa,Gräs,SmaProvArt,Krustatel,https://sv.wikipedia.org/wiki/Krust%C3%A5tel,Avenella flexuosa,,,,,,,,,,,,,Kalkhällmark,,,
Krypnarv,Sagina procumbens,Nejlikväxter,SmaProvArt,Krypnarv,https://sv.wikipedia.org/wiki/Krypnarv,Sagina procumbens,,,,,,,,,,,,,,,,
Kråkbär,Empetrum nigrum,Ljungväxter,SmaProvArt,Krakbar,https://sv.wikipedia.org/wiki/Kr%C3%A5kb%C3%A4r,Empetrum nigrum,,,,,,,,,,,,,,,,
Kråkklöver,Comarum palustre,Rosväxter,SmaProvArt,Krakklover,https://sv.wikipedia.org/wiki/Kr%C3%A5kkl%C3%B6ver,Comarum palustre,,,,,,,,,,,,,,,,
Kråkvicker,Vicia cracca,Ärtväxter,SmaProvArt,Krakvicker,https://sv.wikipedia.org/wiki/Kr%C3%A5kvicker,Vicia cracca,,,,,,,,,,,,,,,,
Kummin,Carum carvi,Flockblommiga,SmaProvArt,Kummin,https://sv.wikipedia.org/wiki/Kummin,Carum carvi,,,,,,,,,,,,,,,,
Kvastmossor,Dicranum,Mossor,SmaProvArt,Kvastmossor,https://sv.wikipedia.org/wiki/Kvastmossor,Dicranum,,,,,,,Mossor,,,,,,,,,
Kvickrot,Elytrigia repens,Gräs,SmaProvArt,Kvickrot,https://sv.wikipedia.org/wiki/Kvickrot,Elytrigia repens,,,,,,,,,,,,,,,,
Käringtand,Lotus corniculatus,Ärtväxter,SmaProvArt,Karingtand,https://sv.wikipedia.org/wiki/K%C3%A4ringtand,Lotus corniculatus,,,,,,,,,,,,,Kalkhällmark,Artrikt,,
Kärleksört,Hylotelephium telephium,Fetbladsväxter,SmaProvArt,Karleksort,https://sv.wikipedia.org/wiki/K%C3%A4rleks%C3%B6rt,Hylotelephium telephium,,,,,,,,,K,,,,Kalkhällmark,Artrikt,Hällmark,
Kärrfräken,Equisetum palustre,Fräkenväxter,SmaProvArt,Karrfraken,https://sv.wikipedia.org/wiki/K%C3%A4rrfr%C3%A4ken,Equisetum palustre,,,,,,,,,,,,,,,,
Kärrknipprot,,okänd,SmaProvArt,Karrknipprot,,,,,,,Gräsmark,Våtmark,,,,,,,,,,
Kärrsilja,Peucedanum palustre,Flockblommiga,SmaProvArt,Karrsilja,https://sv.wikipedia.org/wiki/K%C3%A4rrsilja,Peucedanum palustre,,,,,,,,,,,,,,,,
Kärrspira,Pedicularis palustris,Snyltrotsväxter,SmaProvArt,Karrspira,https://sv.wikipedia.org/wiki/K%C3%A4rrspira,Pedicularis palustris,,,,,,,,,,,,,,,,
Kärrsälting,Triglochin palustre,Sältingväxter,SmaProvArt,Karrsalting,https://sv.wikipedia.org/wiki/K%C3%A4rrs%C3%A4lting,Triglochin palustre,,,,,,,,,,,,,,,,
Kärrtistel,Cirsium palustre,Korgblommiga,SmaProvArt,Karrtistel,https://sv.wikipedia.org/wiki/K%C3%A4rrtistel,Cirsium palustre,,,,,,,,,,,,,,,,
Kärrviol,Viola palustris,Violväxter,SmaProvArt,Karrviol,https://sv.wikipedia.org/wiki/K%C3%A4rrviol,Viola palustris,,,,,,,,,,,,,,,,
Liguster,,Syrenväxter,TradBuskArt,Liguster,https://sv.wikipedia.org/wiki/Liguster,,,,Buskar,,,,,,,,,,,,,
Liljekonvalj,Convallaria majalis,Sparrisväxter,SmaProvArt,Liljekonvalj,https://sv.wikipedia.org/wiki/Liljekonvalj,Convallaria majalis,,,,,,,,,,,,,,,,
Lindar,Tilia,Malvaväxter,TradBuskArt,Lindar,https://sv.wikipedia.org/wiki/Lindar,Tilia,,,Träd,,,,,,,,,,,,,
Lingon,Vaccinium vitis-idaea,Ljungväxter,SmaProvArt,Lingon,https://sv.wikipedia.org/wiki/Lingon,Vaccinium vitis-idaea,,Ris,,,,,,,,,,,,,,
Liten blåklocka,Campanula rotundifolia subsp. rotundifolia,Klockväxter,SmaProvArt,Liten_blaklocka,https://sv.wikipedia.org/wiki/Liten_bl%C3%A5klocka,Campanula rotundifolia subsp. rotundifolia,,,,,,,,,,,,,Kalkhällmark,Artrikt,Hällmark,
Liten fetknopp,Sedum annuum,Fetbladsväxter,SmaProvArt,Liten_fetknopp,https://sv.wikipedia.org/wiki/Liten_fetknopp,Sedum annuum,,,,,,,,,T,,,,Kalkhällmark,,Hällmark,
Ljung,Calluna vulgaris,Ljungväxter,SmaProvArt,Ljung,https://sv.wikipedia.org/wiki/Ljung,Calluna vulgaris,,Ris,,,,,,,,,,,Kalkhällmark,,,
Ludd-/lentåtel,Holcus lanatus/H. mollis,Gräs,SmaProvArt,Ludd_lentatel,https://sv.wikipedia.org/wiki/Ludd-/lent%C3%A5tel,Holcus lanatus/H. mollis,,,,,,,,,,,,,,,,
Luddhavre,Avenula pubescens,Gräs,SmaProvArt,Luddhavre,https://sv.wikipedia.org/wiki/Luddhavre,Avenula pubescens,,,,,,,,,,,,,,,,
Luddlosta,Bromus hordeaceus subsp. hordeaceus,Gräs,SmaProvArt,Luddlosta,https://sv.wikipedia.org/wiki/Luddlosta,Bromus hordeaceus subsp. hordeaceus,,,,,,,,,,,,,,,Hällmark,
Lundgröe,Poa nemoralis,Gräs,SmaProvArt,Lundgroe,https://sv.wikipedia.org/wiki/Lundgr%C3%B6e,Poa nemoralis,,,,,,,,,,,,,,,,
Lundtrav,,,SmaProvArt,Lundtrav,,,,,,,Gräsmark,,,,,,,,,,,
"Låga, dött träd",,-,TradBuskArt,Dott_trad,https://sv.wikipedia.org/wiki/L%C3%A5ga,,,,Träd,,,,,,,,,,,,,
Lånke-arter,Callitriche spp.,Lånkeväxter,SmaProvArt,Lanke_arter,https://sv.wikipedia.org/wiki/L%C3%A5nke-arter,Callitriche spp.,,,,,,,,,,Vatten,,Dike,,,,
Lärk,,Tallväxter,TradBuskArt,Lark,https://sv.wikipedia.org/wiki/L%C3%A4rk,,,,Träd,,,,,,,,,,,,,
Lönn,Acer platanoides,Kinesträdsväxter,TradBuskArt,Lonn,https://sv.wikipedia.org/wiki/L%C3%B6nn,Acer platanoides,,,Träd,,,,,,,,,,,,,
Majbräken,Athyrium filix-femina,Majbräkenväxter,SmaProvArt,Majbraken,https://sv.wikipedia.org/wiki/Majbr%C3%A4ken,Athyrium filix-femina,Stor art,,,,,,,,,,,,,,,
Majsmörblomma,Ranunculus auricomus,Ranunkelväxter,SmaProvArt,Majsmorblomma,https://sv.wikipedia.org/wiki/Majsm%C3%B6rblomma,Ranunculus auricomus,,,,,,,,,,,,,,,,
Majveronika,Veronica serpyllifolia,Grobladsväxter,SmaProvArt,Majveronika,https://sv.wikipedia.org/wiki/Majveronika,Veronica serpyllifolia,,,,,,,,,,,,,,,,
Mandelblom,Saxifraga granulata,Stenbräckeväxter,SmaProvArt,Mandelblom,https://sv.wikipedia.org/wiki/Mandelblom,Saxifraga granulata,,,,,,,,,K,,,,Kalkhällmark,,Hällmark,
Mannagräs,Glyceria fluitans,Gräs,SmaProvArt,Mannagras,https://sv.wikipedia.org/wiki/Mannagr%C3%A4s,Glyceria fluitans,,,,,,,,,,,,,,,,
Masklav,Thamnolia vermicularis,Lavar,SmaProvArt,Masklav,http://artfakta.artdatabanken.se/taxon/230144,Thamnolia vermicularis,,,,,,,,Lavar,,,,,Kalkhällmark,,,
Maskrosor,Taraxacum spp,Korgblommiga,SmaProvArt,Maskrosor,https://sv.wikipedia.org/wiki/Maskrosor,Taraxacum spp,,,,,,,,,,,,,Kalkhällmark,,,
Midsommarblomster,Geranium sylvaticum,Näveväxter,SmaProvArt,Midsommarblomster,https://sv.wikipedia.org/wiki/Midsommarblomster,Geranium sylvaticum,,,,,,,,,,,,,,,,
Mjölkört,Chamaenerion angustifolium,Dunörtsväxter,SmaProvArt,Mjolkort,https://sv.wikipedia.org/wiki/Mj%C3%B6lk%C3%B6rt,Chamaenerion angustifolium,Stor art,,,,,,,,,,,,,,,
Mjölon,Arctostaphylos uva-ursi,Ljungväxter,SmaProvArt,Mjolon,https://sv.wikipedia.org/wiki/Mj%C3%B6lon,Arctostaphylos uva-ursi,,,,,,,,,,,,,Kalkhällmark,,,
Murgröna,,Araliaväxter,TradBuskArt,Murgrona,https://sv.wikipedia.org/wiki/Murgr%C3%B6na,,,,Buskar,,,,,,,,,,,,,
Myrbjörnmossa,Polytrichum strictum,Mossor,SmaProvArt,Myrbjornmossa,https://sv.wikipedia.org/wiki/Myrbj%C3%B6rnmossa,Polytrichum strictum,,,,,,,Mossor,,,,,,,,,
Myrlilja,Narthecium ossifragum,Myrliljeväxter,SmaProvArt,Myrlilja,https://sv.wikipedia.org/wiki/Myrlilja,Narthecium ossifragum,Stor art,,,,,,,,,,,,,,,
Måbär,Ribes alpinum,Rosväxter,TradBuskArt,Mabar,https://sv.wikipedia.org/wiki/M%C3%A5b%C3%A4r,Ribes alpinum,,,Buskar,Bärande,,,,,,,,,,,,
Mållor,Chenopodium spp/Atriplex spp,Mållväxter,SmaProvArt,Mallor,https://sv.wikipedia.org/wiki/M%C3%A5llor,Chenopodium spp/Atriplex spp,,,,,,,,,,,,,,,,
Nattvioler,Platanthera spp,Orkideer,SmaProvArt,Nattvioler,https://sv.wikipedia.org/wiki/Nattvioler,Platanthera spp,,,,,,,,,,,,,Kalkhällmark,,,
Navellavar,Umbilicaria,Lavar,SmaProvArt,Navellavar,http://artfakta.artdatabanken.se/?&s=navellav&v=1,Umbilicaria,,,,,,,,Lavar,,,,,,,Hällmark,
Nejlikrot,Geum urbanum,Rosväxter,SmaProvArt,Nejlikrot,https://sv.wikipedia.org/wiki/Nejlikrot,Geum urbanum,,,,,,,,,,,,,,,,
Norrlandsstarr,Carex aquatilis,Halvgräs,SmaProvArt,Norrlandsstarr,https://sv.wikipedia.org/wiki/Norrlandsstarr,Carex aquatilis,Stor art,,,,,,,,,Vatten,,Dike,,,,
Nysört,Achillea ptarmica,Korgblommiga,SmaProvArt,Nysort,https://sv.wikipedia.org/wiki/Nys%C3%B6rt,Achillea ptarmica,,,,,,,,,,,,,,,,
Näckmossa,Fontinalis,Mossor,SmaProvArt,Nackmossa,https://sv.wikipedia.org/wiki/N%C3%A4ckmossa,Fontinalis,,,,,,,Mossor,,,,,,,,,
Odon,Vaccinium uliginosum,Ljungväxter,SmaProvArt,Odon,https://sv.wikipedia.org/wiki/Odon,Vaccinium uliginosum,,,,,,,,,,,,,,,,
Olvon,Viburnum opulus,Desmeknoppsväxter,TradBuskArt,Olvon,https://sv.wikipedia.org/wiki/Olvon,Viburnum opulus,,,Buskar,Bärande,,,,,,,,,,,,
Ormrot,Bistorta vivipara,Slideväxter,SmaProvArt,Ormrot,https://sv.wikipedia.org/wiki/Ormrot,Bistorta vivipara,,,,,,,,,,,,,,,,
"Ox-, Hund-, Fårtunga",Anchusa,Strävbladiga,SmaProvArt,Tungor,https://sv.wikipedia.org/wiki/Oxtunga,Anchusa,,,,,,,,,,,,,,Artrikt,,
Oxbär-arter,Cotoneaster spp.,Rosväxter,TradBuskArt,Oxbar,,Cotoneaster spp.,,,Buskar,Bärande,,,,,,,,,,,,
Oxlar,Sorbus intermedia,Rosväxter,TradBuskArt,Oxlar,https://sv.wikipedia.org/wiki/Oxel,Sorbus intermedia,,,Träd,Bärande,,,,,,,,,,,,
Palmmossa,Climacium dendroides,Mossor,SmaProvArt,Palmmossa,https://sv.wikipedia.org/wiki/Palmmossa,Climacium dendroides,,,,,,,Mossor,,K,,,,,,Hällmark,
Parkslide,Reynoutria japonica,Slideväxter,SmaProvArt,Parkslide,https://sv.wikipedia.org/wiki/Parkslide,Reynoutria japonica,Stor art,,,,,,,,,,,,,,,
Pilar/Jolster,,Videväxter,TradBuskArt,Pilar_Jolster,https://sv.wikipedia.org/wiki/Pilar/Jolster,,,,Träd,,,,,,,,,,,,,
Piprör,Calamagrostis arundinacea,Gräs,SmaProvArt,Pipror,https://sv.wikipedia.org/wiki/Pipr%C3%B6r,Calamagrostis arundinacea,Stor art,,,,,,,,,,,,,,,
Plattstarr,Carex disticha,Halvgräs,SmaProvArt,Plattstarr,https://sv.wikipedia.org/wiki/Plattstarr,Carex disticha,,,,,,,,,,,,,,,,
Plister (alla),Lamium,Kransblommiga,SmaProvArt,Plister,https://sv.wikipedia.org/wiki/Plistersl%C3%A4ktet,Lamium,,,,,,,,,,,,,,,,
Plommon,Prunus domestica,Rosväxter,TradBuskArt,Plommon,https://sv.wikipedia.org/wiki/Plommon,Prunus domestica,,,Träd,Bärande,,,,,,,,,,,,
Pors,Myrica,Porsväxter,TradBuskArt,Pors,https://sv.wikipedia.org/wiki/Pors,Myrica,,,Buskar,,,,,,,,,,,,,
Praktvitmossa,Sphagnum magellanicum,Mossor,SmaProvArt,Praktvitmossa,https://sv.wikipedia.org/wiki/Praktvitmossa,Sphagnum magellanicum,,,,,,,Mossor,,,,,,,,,
Prästkrage,Leucanthemum vulgare,Korgblommiga,SmaProvArt,Prastkrage,https://sv.wikipedia.org/wiki/Pr%C3%A4stkrage,Leucanthemum vulgare,,,,,,,,,,,,,Kalkhällmark,Artrikt,,
Påskrislavar,Stereocaulon,Lavar,SmaProvArt,Paskrislavar,https://www.artportalen.se/media/taxon/1008151,Stereocaulon,,,,,,,,Lavar,,,,,,,,
Päron,Pyrus communis,Rosväxter,TradBuskArt,Paron,https://sv.wikipedia.org/wiki/P%C3%A4ron,Pyrus communis,,,Träd,Bärande,,,,,,,,,,,,
Renfana,Tanacetum vulgare,Korgblommiga,SmaProvArt,Renfana,https://sv.wikipedia.org/wiki/Renfana,Tanacetum vulgare,Stor art,,,,,,,,,,,,,,,
Renlavar,Cladina,Lavar,SmaProvArt,Renlavar,,Cladina,,,,,,,,Lavar,,,,,Kalkhällmark,,Hällmark,
Revfibbla,Pilosella lactucella,Korgblommiga,SmaProvArt,Revfibbla,https://sv.wikipedia.org/wiki/Revfibbla,Pilosella lactucella,,,,,,,,,,,,,Kalkhällmark,,Hällmark,
Revfingerört,Potentilla reptans,Rosväxter,SmaProvArt,Revfingerort,https://sv.wikipedia.org/wiki/Revfinger%C3%B6rt,Potentilla reptans,,,,,,,,,,,,,,,,
Revsmörblomma,Ranunculus repens,Ranunkelväxter,SmaProvArt,Revsmorblomma,https://sv.wikipedia.org/wiki/Revsm%C3%B6rblomma,Ranunculus repens,,,,,,,,,,,,,,,,
Riddarsporre,Consolida regalis,Ranunkelväxter,SmaProvArt,Riddarsporre,https://sv.wikipedia.org/wiki/Riddarsporre,Consolida regalis,,,,,,,,,,,,,,Artrikt,,
Rip/ull/lappvide,,Videväxter,TradBuskArt,Rip_ull_lappvide,https://sv.wikipedia.org/wiki/Rip/ull/lappvide,,,,Buskar,,,,,,,,,,,,,
Rosling,Andromeda polifolia,Ljungväxter,SmaProvArt,Rosling,https://sv.wikipedia.org/wiki/Rosling,Andromeda polifolia,,,,,,,,,,,,,,,,
Rosor övriga,Rosa spp.,Rosväxter,TradBuskArt,Rosor_ovriga,https://sv.wikipedia.org/wiki/Rossl%C3%A4ktet,Rosa spp.,,,Buskar,Bärande,,,,,,,,,,,,
Rostvitmossa,Sphagnum fuscum,Mossor,SmaProvArt,Rostvitmossa,https://sv.wikipedia.org/wiki/Rostvitmossa,Sphagnum fuscum,,,,,,,Mossor,,,,,,,,,
Ryltåg,Juncus articulatus,Tågväxter,SmaProvArt,Ryltag,http://linnaeus.nrm.se/flora/mono/junca/juncu/juncart.html,Juncus articulatus,,,,,,,,,,,,,,,,
Ryssgubbe,Bunias orientalis,Korsblommiga,SmaProvArt,Ryssgubbe,https://sv.wikipedia.org/wiki/Ryssgubbe,Bunias orientalis,Stor art,,,,,,,,,,,,,,,
Råglosta,Bromus secalinus,Gräs,SmaProvArt,Raglosta,https://sv.wikipedia.org/wiki/Råglosta,Bromus secalinus,,,,,,,,,,,,,,Artrikt,,
Rågvallmo,Papaver dubium,Vallmoväxter,SmaProvArt,Ragvallmo,https://sv.wikipedia.org/wiki/Rågvallmo,Papaver dubium,,,,,,,,,,,,,,Artrikt,,
Röd_skorpionmossa,,Mossor,SmaProvArt,Rod_skorpionmossa,,,,,,,,Våtmark,Mossor,,,Vatten,,,,,,
Rödklint,Centaurea jacea,Korgblommiga,SmaProvArt,Rodklint,https://sv.wikipedia.org/wiki/R%C3%B6dklint,Centaurea jacea,,,,,,,,,,,,,Kalkhällmark,Artrikt,,
Rödklöver,Trifolium pratense,Ärtväxter,SmaProvArt,Rodklover,https://sv.wikipedia.org/wiki/R%C3%B6dkl%C3%B6ver,Trifolium pratense,,,,,,,,,,,,,,,,
Rödkämpar,Plantago media,Grobladsväxter,SmaProvArt,Rodkampar,https://sv.wikipedia.org/wiki/R%C3%B6dk%C3%A4mpar,Plantago media,,,,,Gräsmark,,,,,,,,Kalkhällmark,Artrikt,,
Rödsvingel,Festuca rubra,Gräs,SmaProvArt,Rodsvingel,https://sv.wikipedia.org/wiki/R%C3%B6dsvingel,Festuca rubra,,,,,,,,,,,,,Kalkhällmark,,,
Röllika,Achillea millefolium,Korgblommiga,SmaProvArt,Rollika,https://sv.wikipedia.org/wiki/R%C3%B6llika,Achillea millefolium,,,,,,,,,,,,,Kalkhällmark,,,
Rönn,Sorbus aucuparia,Rosväxter,TradBuskArt,Ronn,https://sv.wikipedia.org/wiki/R%C3%B6nn,Sorbus aucuparia,,,Träd,Bärande,,,,,,,,,,,,
Rörflen,Phalaris arundinacea,Gräs,SmaProvArt,Rorflen,https://sv.wikipedia.org/wiki/R%C3%B6rflen,Phalaris arundinacea,Stor art,,,,,,,,,Vatten,,Dike,,,,
Sandnarv,Arenaria serpyllifolia,Nejlikväxter,SmaProvArt,Sandnarv,https://sv.wikipedia.org/wiki/Sandnarv,Arenaria serpyllifolia,,,,,,,,,,,,,,,Hällmark,
Sileshår-arter,Drosera,Sileshårsväxter,SmaProvArt,Sileshar,https://sv.wikipedia.org/wiki/Silesh%C3%A5r-arter,Drosera,,,,,,,,,,,,,,,,
Sipperblindia,Blindia acuta,Mossor,SmaProvArt,Sipperblindia,,Blindia acuta,,,,,,,Mossor,,,,,,,,Hällmark,
Sipperlavar,Dermatocarpon,Lavar,SmaProvArt,Sipperlavar,https://artportalen.se/Media/Taxon/1007891,Dermatocarpon,,,,,,,,Lavar,,,,,,,Hällmark,
Sjöfräken,Equisetum fluviatile,Fräkenväxter,SmaProvArt,Sjofraken,https://sv.wikipedia.org/wiki/Sj%C3%B6fr%C3%A4ken,Equisetum fluviatile,,,,,,,,,,Vatten,,Dike,,,,
Skallror,Rhinanthus,Snyltrotsväxter,SmaProvArt,Skallror,https://sv.wikipedia.org/wiki/Skallror,Rhinanthus,,,,,,,,,,,,,,Artrikt,,
Skavfräken,Equisetum hyemale,Fräkenväxter,SmaProvArt,Skavfraken,https://sv.wikipedia.org/wiki/Skavfr%C3%A4ken,Equisetum hyemale,,,,,,,,,,,,,,,,
Skinnlavar,Leptogium,Lavar,SmaProvArt,Skinnlavar,,Collematacae,,,,,,,,Lavar,,,,,,,Hällmark,
Skogsbingel,Mercurialis perennis,Törelväxter,SmaProvArt,Skogsbingel,https://sv.wikipedia.org/wiki/Skogsbingel,Mercurialis perennis,,,,,,,,,,,,,,,,
Skogsbjörnmossa,Polytrichastrum formosum,Mossor,SmaProvArt,Skogsbjornmossa,https://sv.wikipedia.org/wiki/Skogsbj%C3%B6rnmossa,Polytrichastrum formosum,,,,,,,Mossor,,,,,,,,,
Skogsfibblor,Hieracium sect. Hieracium,Korgblommiga,SmaProvArt,Skogsfibblor,https://sv.wikipedia.org/wiki/Skogsfibblor,Hieracium sect. Hieracium,,,,,,,,,,,,,,,,
Skogsfräken,Equisetum sylvaticum,Fräkenväxter,SmaProvArt,Skogsfraken,https://sv.wikipedia.org/wiki/Skogsfr%C3%A4ken,Equisetum sylvaticum,,,,,,,,,,,,,,,,
Skogsklöver,Trifolium medium,Ärtväxter,SmaProvArt,Skogsklover,https://sv.wikipedia.org/wiki/Skogskl%C3%B6ver,Trifolium medium,,,,,,,,,,,,,,,,
Skogskornell,Cornus sanguinea,Kornellväxter,TradBuskArt,Skogskornell,https://sv.wikipedia.org/wiki/Skogskornell,Cornus sanguinea,,,Buskar,,,,,,,,,,,,,
Skogsstjärna,Lysimachia europaea,Viveväxter,SmaProvArt,Skogsstjarna,https://sv.wikipedia.org/wiki/Skogsstj%C3%A4rna,Lysimachia europaea,,,,,,,,,,,,,,,,
Skogssäv,Scirpus sylvaticus,Halvgräs,SmaProvArt,Skogssav,https://sv.wikipedia.org/wiki/Skogss%C3%A4v,Scirpus sylvaticus,Stor art,,,,,,,,,Vatten,,Dike,,,,
Skogstry,Lonicera xylosteum,Kaprifolväxter,TradBuskArt,Skogstry,https://sv.wikipedia.org/wiki/Skogstry,Lonicera xylosteum,,,Buskar,,,,,,,,,,,,,
"Skräppor (krus-, gårds-)",Rumex crispus/R. longifolius,Slideväxter,SmaProvArt,Skrappor_krusgard,https://sv.wikipedia.org/wiki/Skr%C3%A4ppor,Rumex crispus/R. longifolius,,,,,,,,,,,,,,,,
Skräppor (tomt-),Rumex obtusifolius,Slideväxter,SmaProvArt,Skrappor_tomt,https://sv.wikipedia.org/wiki/Tomtskr%C3%A4ppa,Rumex obtusifolius,,,,,,,,,,,,,,,,
"Skräppor (vatten-, häst-)",Rumex aquaticus/R. hydrolapathum,Slideväxter,SmaProvArt,Skrappor_vattenhast,https://sv.wikipedia.org/wiki/Skr%C3%A4ppor ,Rumex aquaticus/R. hydrolapathum,,,,,,,,,,,,,,,,
Skvattram,Rhododendron tomentosum,Ljungväxter,SmaProvArt,Skvattram,https://sv.wikipedia.org/wiki/Skvattram,Rhododendron tomentosum,,,,,,,,,,,,,,,,
Slån,Prunus spinosa,Rosväxter,TradBuskArt,Slan,https://sv.wikipedia.org/wiki/Sl%C3%A5n,Prunus spinosa,,,Buskar,Bärande,,,,,,,,,,,,
Slåtterblomma,Parnassia palustris,Benvedsväxter,SmaProvArt,Slatterblomma,https://sv.wikipedia.org/wiki/Sl%C3%A5tterblomma,Parnassia palustris,,,,,Gräsmark,Våtmark,,,,,,,,,,
Slåttergubbe,Arnica montana,Korgblommiga,SmaProvArt,Slattergubbe,https://sv.wikipedia.org/wiki/Sl%C3%A5ttergubbe,Arnica montana,,,,,,,,,,,,,,,,
Smultron,Fragaria vesca,Rosväxter,SmaProvArt,Smultron,https://sv.wikipedia.org/wiki/Smultron,Fragaria vesca,,,,,,,,,,,,,Kalkhällmark,Artrikt,Hällmark,
Små röda vitmossor,Sphagnum acutifolia*,Mossor,SmaProvArt,Sma_roda_vitmossor,http://www.slu.se/documents/externwebben/s-fak/skoglig-resurshallning/landskapsanalys_publikationer/publikationer2003-2009/nils_manual_mossor_web2003.pdf,Sphagnum acutifolia*,,,,,,,Mossor,,,,,,,,,
Småborre,Agrimonia eupatoria,Rosväxter,SmaProvArt,Smaborre,https://sv.wikipedia.org/wiki/Sm%C3%A5borre,Agrimonia eupatoria,,,,,,,,,,,,,,,,
Smällglim,Silene vulgaris,Nejlikväxter,SmaProvArt,Smallglim,https://sv.wikipedia.org/wiki/Sm%C3%A4llglim,Silene vulgaris,,,,,,,,,,,,,,,Hällmark,
Smörbollar,Trollius europaeus,Ranunkelväxter,SmaProvArt,Smorbollar,https://sv.wikipedia.org/wiki/Sm%C3%B6rbollar,Trollius europaeus,,,,,,,,,,,,,,,,
Snårvinda,Calystegia sepium,Vindeväxter,SmaProvArt,Snarvinda,https://sv.wikipedia.org/wiki/Sn%C3%A5rvinda,Calystegia sepium,,,,,,,,,,,,,,,,
Snärjmåra,Galium aparine,Måreväxter,SmaProvArt,Snarjmara,https://sv.wikipedia.org/wiki/Sn%C3%A4rjm%C3%A5ra,Galium aparine,,,,,,,,,,,,,Kalkhällmark,,,
Snöbär,Symphoricarpos albus,Kaprifolväxter,TradBuskArt,Snobar,https://sv.wikipedia.org/wiki/Sn%C3%B6b%C3%A4r,Symphoricarpos albus,,,Buskar,Bärande,,,,,,,,,,,,
Solvända,Helianthemum nummularium,Solvändeväxter,SmaProvArt,Solvanda,https://sv.wikipedia.org/wiki/Solv%C3%A4nda,Helianthemum nummularium,,,,,,,,,,,,,Kalkhällmark,Artrikt,,
Solvända/Ölandssv,Helianthemum nummularium/oelandicum,,SmaProvArt,Solvanda_Olandssolvanda,,,,,,,Gräsmark,,,,,,,,,,,
Sommarfibbla,Leontodon hispidus,Korgblommiga,SmaProvArt,Sommarfibbla,https://sv.wikipedia.org/wiki/Sommarfibbla,Leontodon hispidus,,,,,,,,,,,,,,,,
Sommargyllen,Barbarea vulgaris,Korsblommiga,SmaProvArt,Sommargyllen,https://sv.wikipedia.org/wiki/Sommargyllen,Barbarea vulgaris,,,,,,,,,,,,,,,,
Sotvitmossa,Sphagnum papillosum,Mossor,SmaProvArt,Sotvitmossa,https://sv.wikipedia.org/wiki/Sotvitmossa,Sphagnum papillosum,,,,,,,Mossor,,,,,,,,,
Sparv-/mjuknäva,Geranium pusillum/G. molle,Näveväxter,SmaProvArt,Sparv_mjuknava,https://sv.wikipedia.org/wiki/Sparv-/mjukn%C3%A4va,Geranium pusillum/G. molle,,,,,,,,,,,,,,,Hällmark,
Spikvallmo,Papaver argemone,Vallmoväxter,SmaProvArt,Spikvallmo,https://sv.wikipedia.org/wiki/Spikvallmo,Papaver argemone,,,,,,,,,,,,,,Artrikt,,
Spirea,,Rosväxter,TradBuskArt,Spirea,https://sv.wikipedia.org/wiki/Spirea,,,,Buskar,,,,,,,,,,,,,
Spjutmossa,Calliergonella cuspidata,Mossor,SmaProvArt,Spjutmossa,https://sv.wikipedia.org/wiki/Spjutmossa,Calliergonella cuspidata,,,,,,,Mossor,,,,,,,,Hällmark,
Sprödlavar,Sphaerophorus,Lavar,SmaProvArt,Sprodlavar,,Sphaerophorus,,,,,,,,Lavar,,,,,,,Hällmark,
Spärrvitmossa,Sphagnum squarrosum,Mossor,SmaProvArt,Sparrvitmossa,https://sv.wikipedia.org/wiki/Sp%C3%A4rrvitmossa,Sphagnum squarrosum,,,,,,,Mossor,,,,,,,,,
Stagg,Nardus stricta,Gräs,SmaProvArt,Stagg,https://sv.wikipedia.org/wiki/Stagg,Nardus stricta,,,,,,,,,,,,,,,,
Stenbär,Rubus saxatilis,Rosväxter,SmaProvArt,Stenbar,https://sv.wikipedia.org/wiki/Stenb%C3%A4r,Rubus saxatilis,,,,,,,,,,,,,,,,
Stenmåra,Galium saxatile,Måreväxter,SmaProvArt,Stenmara,https://sv.wikipedia.org/wiki/Stenm%C3%A5ra,Galium saxatile,,,,,,,,,,,,,Kalkhällmark,,,
Stensöta,Polypodium vulgare,Stensöteväxter,SmaProvArt,Stensota,https://sv.wikipedia.org/wiki/Stens%C3%B6ta,Polypodium vulgare,,,,,,,,,,,,,,,Hällmark,
Stinknäva,Geranium robertianum,Näveväxter,SmaProvArt,Stinknava,https://sv.wikipedia.org/wiki/Stinkn%C3%A4va,Geranium robertianum,,,,,,,,,,,,,,,Hällmark,
Stinksyska,Stachys sylvatica,Kransblommiga,SmaProvArt,Stinksyska,https://sv.wikipedia.org/wiki/Stinksyska,Stachys sylvatica,,,,,,,,,,,,,,,,
Stor björnmossa,Polytrichum commune,Mossor,SmaProvArt,Stor_bjornmossa,https://sv.wikipedia.org/wiki/Stor_bj%C3%B6rnmossa,Polytrichum commune,,,,,,,Mossor,,,,,,,,,
Stor blåklocka,Campanula persicifolia,Klockväxter,SmaProvArt,Stor_blaklocka,https://sv.wikipedia.org/wiki/Stor_bl%C3%A5klocka,Campanula persicifolia,,,,,,,,,,,,,Kalkhällmark,Artrikt,Hällmark,
Stormåra,Galium mollugo,Måreväxter,SmaProvArt,Stormara,https://sv.wikipedia.org/wiki/Storm%C3%A5ra,Galium mollugo,,,,,,,,,,,,,Kalkhällmark,,,
Strandklo,Lycopus europaeus,Kransblommiga,SmaProvArt,Strandklo,https://sv.wikipedia.org/wiki/Strandklo,Lycopus europaeus,,,,,,,,,,,,,,,,
Snölav,Flavocetraria nivalis,Lavar,SmaProvArt,Snolav,,Flavocetraria nivalis,,,,,,,,Lavar,,,,,Kalkhällmark,,,
Strätta,Angelica sylvestris,Flockblommiga,SmaProvArt,Stratta,https://sv.wikipedia.org/wiki/Str%C3%A4tta,Angelica sylvestris,,,,,,,,,,,,,,,,
Styvfibblor,Hieracium sect. Tridentata,Korgblommiga,SmaProvArt,Styvfibblor,https://sv.wikipedia.org/wiki/Styvfibblor,Hieracium sect. Tridentata,,,,,,,,,,,,,,,,
Styvmorsviol,Viola tricolor,Violväxter,SmaProvArt,Styvmorsviol,https://sv.wikipedia.org/wiki/Styvmorsviol,Viola tricolor,,,,,,,,,T,,,,,Artrikt,Hällmark,
Sumpmåra,Galium uliginosum,Måreväxter,SmaProvArt,Sumpmara,https://sv.wikipedia.org/wiki/Sumpm%C3%A5ra,Galium uliginosum,,,,,,,,,,,,,Kalkhällmark,,,
Svalting,Alisma plantago-aquatica,Svaltingväxter,SmaProvArt,Svalting,https://sv.wikipedia.org/wiki/Svalting,Alisma plantago-aquatica,,,,,,,,,,,,,,,,
Svarthö,Bartsia alpina,Snyltrotsväxter,SmaProvArt,Svartho,https://sv.wikipedia.org/wiki/Svarth%C3%B6,Bartsia alpina,,,,,Gräsmark,,,,,,,,,,,
Svartkämpar,Plantago lanceolata,Grobladsväxter,SmaProvArt,Svartkampar,https://sv.wikipedia.org/wiki/Svartk%C3%A4mpar,Plantago lanceolata,,,,,,,,,,,,,Kalkhällmark,Artrikt,,
Svavellav,Fulgensia fulgens,Lavar,SmaProvArt,Svavellav,,,,,,,,,,Lavar,,,,,Kalkhällmark,,,
Svinrot,Scorzonera humilis,Korgblommiga,SmaProvArt,Svinrot,https://sv.wikipedia.org/wiki/Svinrot,Scorzonera humilis,,,,,,,,,,,,,,,,
Syren,,Syrenväxter,TradBuskArt,Syren,https://sv.wikipedia.org/wiki/Syren,,,,Buskar,,,,,,,,,,,,,
Sälg ,Salix caprea,Videväxter,TradBuskArt,Salg,https://sv.wikipedia.org/wiki/S%C3%A4lg,Salix caprea,,,Träd,Bärande,,,,,,,,,,,,
Säv/blåsäv,Schoenoplectus lacustris/S. tabernaemontani,Halvgräs,SmaProvArt,Sav_blasav,https://sv.wikipedia.org/wiki/S%C3%A4v/bl%C3%A5s%C3%A4v,Schoenoplectus lacustris/S. tabernaemontani,Stor art,,,,,,,,,Vatten,,Dike,,,,
Körsbär söt,Prunus avium,Rosväxter,TradBuskArt,Sotkorsbar,https://sv.wikipedia.org/wiki/S%C3%B6tk%C3%B6rsb%C3%A4r,Prunus avium,,,Träd,Bärande,,,,,,,,,,,,
Körsbär sur,Prunus cerasus,Rosväxter,TradBuskArt,Surkorsbar,https://sv.wikipedia.org/wiki/Surk%C3%B6rsb%C3%A4r,Prunus cerasus,,,Träd,Bärande,,,,,,,,,,,,
Takmossa,Syntrichia ruralis,Mossor,SmaProvArt,Takmossa,https://sv.wikipedia.org/wiki/Takmossa,Syntrichia ruralis,,,,,,,Mossor,,,,,,,,Hällmark,
Tall,Pinus sylvestris,Tallväxter,TradBuskArt,Tall,https://sv.wikipedia.org/wiki/Tall,Pinus sylvestris,,,Träd,,,,,,,,,,,,,
Tallvitmossa,Sphagnum capillifolium,Mossor,SmaProvArt,Tallvitmossa,https://sv.wikipedia.org/wiki/Tallvitmossa,Sphagnum capillifolium,,,,,,,Mossor,,,,,,,,,
Teveronika,Veronica chamaedrys,Grobladsväxter,SmaProvArt,Teveronika,https://sv.wikipedia.org/wiki/Teveronika,Veronica chamaedrys,,,,,,,,,,,,,Kalkhällmark,,,
Tibast,Daphne mezereum,Tibastväxter,TradBuskArt,Tibast,https://sv.wikipedia.org/wiki/Tibast,Daphne mezereum,,,Buskar,Bärande,,,,,,,,,,,,
Timotej/ängskavle,,Gräs,SmaProvArt,Timotej_Angskavle,http://linnaeus.nrm.se/flora/mono/poa/alope/aloppra.html,,,,,,,,,,,,,,,,,
Tjärblomster,Viscaria vulgaris,Nejlikväxter,SmaProvArt,Tjarblomster,https://sv.wikipedia.org/wiki/Tj%C3%A4rblomster,Viscaria vulgaris,,,,,,,,,T,,,,,Artrikt,Hällmark,
"Tok, ölandstok",,Rosväxter,TradBuskArt,Tok_olandstok,https://sv.wikipedia.org/wiki/%C3%B6landstok,,,,Buskar,,,,,,,,,,,,,
Topplösa,Lysimachia thyrsiflora,Viveväxter,SmaProvArt,Topplosa,https://sv.wikipedia.org/wiki/Toppl%C3%B6sa,Lysimachia thyrsiflora,,,,,,,,,,,,,,,,
Torsklavar,Peltigera aphthosa/P. vermicularis,Lavar,SmaProvArt,Torsklavar,,Peltigera aphthosa/P. vermicularis,,,,,,,,Lavar,,,,,,,Hällmark,
Trampört,Polygonum aviculare,Slideväxter,SmaProvArt,Tramport,https://sv.wikipedia.org/wiki/Tramp%C3%B6rt,Polygonum aviculare,,,,,,,,,,,,,,,,
Tranbär,Vaccinium oxycoccos,Ljungväxter,SmaProvArt,Tranbar,https://sv.wikipedia.org/wiki/Tranb%C3%A4r,Vaccinium oxycoccos,,,,,,,,,,,,,,,,
Trift,Armeria maritima,Triftväxter,SmaProvArt,Trift,https://sv.wikipedia.org/wiki/Trift,Armeria maritima,,,,,,,,,,,,,,,Hällmark,
Trådstarr,Carex lasiocarpa,Halvgräs,SmaProvArt,Tradstarr,https://sv.wikipedia.org/wiki/Tr%C3%A5dstarr,Carex lasiocarpa,Stor art,,,,,,,,,,,,,,,
Trådtåg,Juncus filiformis,Tågväxter,SmaProvArt,Tradtag,http://linnaeus.nrm.se/flora/mono/junca/juncu/juncfil.html,Juncus filiformis,,,,,,,,,,,,,,,,
Träjon,Dryopteris filix-mas,Träjonväxter,SmaProvArt,Trajon,https://sv.wikipedia.org/wiki/Tr%C3%A4jon,Dryopteris filix-mas,,,,,,,,,,,,,,,,
Tulkört,Vincetoxicum hirundinaria,Oleanderväxter,SmaProvArt,Tulkort,https://sv.wikipedia.org/wiki/Tulk%C3%B6rt,Vincetoxicum hirundinaria,Stor art,,,,,,,,,,,,Kalkhällmark,,Hällmark,
Tuschlav,Lasallia pustulata,Lavar,SmaProvArt,Tuschlav,,Lasallia pustulata,,,,,,,,Lavar,T,,,,,,Hällmark,
Tuv-/stylt-/bunkestarr,Carex cespitosa/C. nigra var juncea/C. elata,Halvgräs,SmaProvArt,Tuv_stylt_bunkestarr,https://sv.wikipedia.org/wiki/Tuv-/stylt-/bunkestarr,Carex cespitosa/C. nigra var juncea/C. elata,Stor art,,,,,,,,,Vatten,,Dike,,,,
Tuvsäv,Trichophorum cespitosum subsp. cespitosum,Halvgräs,SmaProvArt,Tuvsav,https://sv.wikipedia.org/wiki/Tuvs%C3%A4v,Trichophorum cespitosum subsp. cespitosum,,,,,,,,,,,,,,,,
Tuvtåtel,Deschampsia cespitosa,Gräs,SmaProvArt,Tuvtatel,https://sv.wikipedia.org/wiki/Tuvt%C3%A5tel,Deschampsia cespitosa,,,,,,,,,,,,,,,,
Tuvull,Eriophorum vaginatum,Halvgräs,SmaProvArt,Tuvull,https://sv.wikipedia.org/wiki/Tuvull,Eriophorum vaginatum,,,,,,,,,,,,,,,,
Tvåblad,,,SmaProvArt,Tvablad,,,,,,,Gräsmark,Våtmark,,,,,,,,,,
Tysklönn,Acer pseudoplatanus,Kinesträdsväxter,TradBuskArt,Tysklonn,https://sv.wikipedia.org/wiki/Tyskl%C3%B6nn,Acer pseudoplatanus,,,Träd,,,,,,,,,,,,,
Tät vitmossa,Sphagnum compactum,Mossor,SmaProvArt,Tat_vitmossa,https://sv.wikipedia.org/wiki/T%C3%A4t_vitmossa,Sphagnum compactum,,,,,,,Mossor,,,,,,,,Hällmark,
Tätört,Pinguicula vulgaris,Tätörtsväxter,SmaProvArt,Tatort,https://sv.wikipedia.org/wiki/T%C3%A4t%C3%B6rt,Pinguicula vulgaris,,,,,,,,,,,,,,,,
Vanlig smörblomma,Ranunculus acris subsp. acris,Ranunkelväxter,SmaProvArt,Vanlig_smorblomma,https://sv.wikipedia.org/wiki/Vanlig_sm%C3%B6rblomma,Ranunculus acris subsp. acris,,,,,,,,,,,,,,,,
Vass,Phragmites australis,Gräs,SmaProvArt,Vass,https://sv.wikipedia.org/wiki/Vass,Phragmites australis,Stor art,,,,,,,,,Vatten,,Dike,,,,
Vasstarr,Carex acuta,Halvgräs,SmaProvArt,Vasstarr,https://sv.wikipedia.org/wiki/Vasstarr,Carex acuta,Stor art,,,,,,,,,Vatten,,Dike,,,,
Vattenklöver,Menyanthes trifoliata,Vattenklöverväxter,SmaProvArt,Vattenklover,https://sv.wikipedia.org/wiki/Vattenkl%C3%B6ver,Menyanthes trifoliata,,,,,,,,,,Vatten,,Dike,,,,
Vattenmåra,Galium palustre,Måreväxter,SmaProvArt,Vattenmara,https://sv.wikipedia.org/wiki/Vattenm%C3%A5ra,Galium palustre,,,,,,,,,,,,,Kalkhällmark,,,
Vattenpilört,Persicaria amphibia,Slideväxter,SmaProvArt,Vattenpilort,https://sv.wikipedia.org/wiki/Vattenpil%C3%B6rt,Persicaria amphibia,,,,,,,,,,Vatten,,Dike,,,,
Veketåg,Juncus effusus,Tågväxter,SmaProvArt,Veketag,https://sv.wikipedia.org/wiki/Veket%C3%A5g,Juncus effusus,Stor art,,,,,,,,,Vatten,,Dike,,,,
Ven-arter,Agrostis,Gräs,SmaProvArt,Ven_arter,https://sv.wikipedia.org/wiki/Ven-arter,Agrostis,,,,,,,,,,,,,Kalkhällmark,,,
Videkornell,Cornus sericea,Kornellväxter,TradBuskArt,Videkornell,https://sv.wikipedia.org/wiki/Videkornell,Cornus sericea,,,Buskar,,,,,,,,,,,,,
"Viden, delvis",Salix,Videväxter,TradBuskArt,Viden_delvis,https://sv.wikipedia.org/wiki/Videsl%C3%A4ktet,,,,Buskar,,,,,,,,,,,,,
Videört,Lysimachia vulgaris,Viveväxter,SmaProvArt,Videort,https://sv.wikipedia.org/wiki/Vide%C3%B6rt,Lysimachia vulgaris,,,,,,,,,,,,,,,,
Vildlin,Linum catharticum,Linväxter,SmaProvArt,Vildlin,https://sv.wikipedia.org/wiki/Vildlin,Linum catharticum,,,,,Gräsmark,,,,,,,,Kalkhällmark,,Hällmark,
Vildmorot,Daucus carota subsp. carota,Flockblommiga,SmaProvArt,Vildmorot,https://sv.wikipedia.org/wiki/Vildmorot,Daucus carota subsp. carota,,,,,,,,,,,,,Kalkhällmark,Artrikt,,
Vinbär,Ribes,Rosväxter,TradBuskArt,Vinbar,https://sv.wikipedia.org/wiki/Vinb%C3%A4r,Ribes,,,Buskar,Bärande,,,,,,,,,,,,
Vit näckros,Nymphaea alba,Näckrosväxter,SmaProvArt,Vit_nackros,https://sv.wikipedia.org/wiki/Vit_n%C3%A4ckros,Nymphaea alba,,,,,,,,,,Vatten,,Dike,,,,
Vit-/trampgröe,Poa annua/P. supina,Gräs,SmaProvArt,Vit_trampgroe,https://sv.wikipedia.org/wiki/Vit-/trampgr%C3%B6e,Poa annua/P. supina,,,,,,,,,,,,,Kalkhällmark,,,
Vit-/tuvknavel,Scleranthus perennis/S. annuus,Nejlikväxter,SmaProvArt,Vit_tuvknavel,http://linnaeus.nrm.se/flora/di/caryophylla/scler/scleper.html,Scleranthus perennis/S. annuus,,,,,,,,,K,,,,,,Hällmark,
Vitklöver,Trifolium repens,Ärtväxter,SmaProvArt,Vitklover,https://sv.wikipedia.org/wiki/Vitkl%C3%B6ver,Trifolium repens,,,,,,,,,,,,,,,,
Vitmossor övriga,Sphagnum ,Mossor,SmaProvArt,Vitmossor_ovriga,https://sv.wikipedia.org/wiki/vitmossor,Sphagnum ,,,,,,,Mossor,,,,,,,,,
Vitmåra,Galium boreale,Måreväxter,SmaProvArt,Vitmara,https://sv.wikipedia.org/wiki/Vitm%C3%A5ra,Galium boreale,,,,,,,,,,,,,Kalkhällmark,Artrikt,,
Vitsippa,Anemone nemorosa,Ranunkelväxter,SmaProvArt,Vitsippa,https://sv.wikipedia.org/wiki/Vitsippa,Anemone nemorosa,,,,,,,,,,,,,,,,
Vresros,Rosa rugosa,Rosväxter,TradBuskArt,Vresros,https://sv.wikipedia.org/wiki/Vresros,Rosa rugosa,,,Buskar,Bärande,,,,,,,,,,,,
Vår-/småfingerört,Potentilla crantzii/P. verna,Rosväxter,SmaProvArt,Var_smafingerort,https://sv.wikipedia.org/wiki/V%C3%A5r-/sm%C3%A5finger%C3%B6rt,Potentilla crantzii/P. verna,,,,,Gräsmark,,,,K,,,,,,Hällmark,
Vår-/småfingerört,Potentilla crantzii/P. verna,Rosväxter,SmaProvArt,Var_smafingerort,https://sv.wikipedia.org/wiki/V%C3%A5r-/sm%C3%A5finger%C3%B6rt,Potentilla crantzii/P. verna,,,,,,,,,K,,,,Kalkhällmark,,,
Vårbrodd,Anthoxanthum odoratum,Gräs,SmaProvArt,Varbrodd,https://sv.wikipedia.org/wiki/V%C3%A5rbrodd,Anthoxanthum odoratum,,,,,,,,,K,,,,Kalkhällmark,,Hällmark,
Vårfryle,Luzula pilosa,Tågväxter,SmaProvArt,Varfryle,https://sv.wikipedia.org/wiki/V%C3%A5rfryle,Luzula pilosa,,,,,,,,,,,,,,,,
Vårspärgel,Spergula morisonii,Nejlikväxter,SmaProvArt,Varspargel,https://sv.wikipedia.org/wiki/V%C3%A5rsp%C3%A4rgel,Spergula morisonii,,,,,,,,,T,,,,,,Hällmark,
Våtarv,Stellaria media,Nejlikväxter,SmaProvArt,Vatarv,https://sv.wikipedia.org/wiki/V%C3%A5tarv,Stellaria media,,,,,,,,,,,,,,,,
Väddklint,Centaurea scabiosa,Korgblommiga,SmaProvArt,Vaddklint,https://sv.wikipedia.org/wiki/V%C3%A4ddklint,Centaurea scabiosa,,,,,,,,,,,,,Kalkhällmark,Artrikt,,
Väggmossa,Pleurozium schreberi,Mossor,SmaProvArt,Vaggmossa,https://sv.wikipedia.org/wiki/V%C3%A4ggmossa,Pleurozium schreberi,,,,,,,Mossor,,,,,,,,Hällmark,
Vägtistel,Cirsium vulgare,Korgblommiga,SmaProvArt,Vagtistel,https://sv.wikipedia.org/wiki/V%C3%A4gtistel,Cirsium vulgare,Stor art,,,,,,,,,,,,,,,
Åker-/lövbinda,Fallopia convolvulus/F. dumetorum,Slideväxter,SmaProvArt,Aker_lovbinda,http://sv.wikipedia.org/wiki/%C3%85kerbinda,Fallopia convolvulus/F. dumetorum,,,,,,,,,,,,,,,,
Åkerbär,Rubus arcticus,Rosväxter,SmaProvArt,Akerbar,http://sv.wikipedia.org/wiki/%C3%85kerb%C3%A4r,Rubus arcticus,,,,,,,,,,,,,,,,
Åkerfräken,Equisetum arvense,Fräkenväxter,SmaProvArt,Akerfraken,http://linnaeus.nrm.se/flora/orm/equiseta/equis/equiarv.html,Equisetum arvense,,,,,,,,,,,,,,,,
Åkerförgätmigej,Myosotis arvensis,Strävbladiga,SmaProvArt,Akerforgatmigej,http://sv.wikipedia.org/wiki/%C3%85kerf%C3%B6rg%C3%A4tmigej,Myosotis arvensis,,,,,,,,,,,,,,,Hällmark,
Åkerkulla,Anthemis arvensis,Korgblommiga,SmaProvArt,Akerkulla,https://sv.wikipedia.org/wiki/Åkerkulla,Anthemis arvensis,,,,,,,,,,,,,,Artrikt,,
Åkerspärgel,Spergula arvensis,Nejlikväxter,SmaProvArt,Akerspargel,http://sv.wikipedia.org/wiki/%C3%85kersp%C3%A4rgel,Spergula arvensis,,,,,,,,,,,,,,,,
Åkertistel,Cirsium arvense,Korgblommiga,SmaProvArt,Akertistel,https://sv.wikipedia.org/wiki/%C3%85kertistel,Cirsium arvense,Stor art,,,,,,,,,,,,,,,
Åkervinda,Convolvulus arvensis,Vindeväxter,SmaProvArt,Akervinda,http://artfakta.artdatabanken.se/taxon/219775,Convolvulus arvensis,,,,,,,,,,,,,,,,
Åkerviol,Viola arvensis,Violväxter,SmaProvArt,Akerviol,https://sv.wikipedia.org/wiki/%C3%85kerviol,Viola arvensis,,,,,,,,,,,,,,,Hällmark,
Åkervädd,Knautia arvensis,Kaprifolväxter,SmaProvArt,Akervadd,http://sv.wikipedia.org/wiki/%C3%85kerv%C3%A4dd,Knautia arvensis,,,,,,,,,,,,,Kalkhällmark,Artrikt,,
Ädelgr. Abies,,Tallväxter,TradBuskArt,Abies_adelgran,http://sv.wikipedia.org/wiki/%C3%84delgranssl%C3%A4ktet,,,,Träd,,,,,,,,,,,,,
Äkta johannesört,Hypericum perforatum,Johannesörtsväxter,SmaProvArt,Akta_johannesort,https://sv.wikipedia.org/wiki/%C3%84kta_johannes%C3%B6rt,Hypericum perforatum,,,,,,,,,,,,,,,Hällmark,
Älgört,Filipendula ulmaria,Rosväxter,SmaProvArt,Algort,https://sv.wikipedia.org/wiki/%C3%84lggr%C3%A4s,Filipendula ulmaria,Stor art,,,,,,,,,Vatten,,Dike,,,,
Älväxing,Sesleria uliginosa,Gräs,SmaProvArt,Alvaxing,https://sv.wikipedia.org/wiki/%C3%84lv%C3%A4xing,Sesleria uliginosa,,,,,Gräsmark,,,,,,,,Kalkhällmark,,,
Ängs-/höskallra,Rhinanthus minor/R. serotinus,Snyltrotsväxter,SmaProvArt,Angs_hoskallra,https://sv.wikipedia.org/wiki/%C3%84ngsskallra,Rhinanthus minor/R. serotinus,,,,,,,,,,,,,,,,
Ängs-/kärrbräsma,Cardamine pratensis ssp. pratensis/ssp. paludosa,Korsblommiga,SmaProvArt,Angs_karrbrasma,https://sv.wikipedia.org/wiki/%C3%84ngsbr%C3%A4sma,Cardamine pratensis ssp. pratensis/ssp. paludosa,,,,,,,,,,,,,,,,
Ängs-/skogskovall,Melampyrum pratense/M. sylvaticum,Snyltrotsväxter,SmaProvArt,Angs_skogskovall,https://sv.wikipedia.org/wiki/%C3%84ngskovall,Melampyrum pratense/M. sylvaticum,,,,,,,,,,,,,,,,
Ängs-/skogsviol,Viola canina/V. riviniana,Violväxter,SmaProvArt,Angs_skogsviol,https://sv.wikipedia.org/wiki/Violsl%C3%A4ktet,Viola canina/V. riviniana,,,,,,,,,,,,,,,,
Ängsfräken,Equisetum pratense,Fräkenväxter,SmaProvArt,Angsfraken,http://linnaeus.nrm.se/flora/orm/equiseta/equis/equipra.html,Equisetum pratense,,,,,,,,,,,,,,,,
Ängsgentiana,,,SmaProvArt,Angsgentiana,,,,,,,Gräsmark,,,,,,,,,,,
Ängshaverrot,Tragopogon pratensis,Korgblommiga,SmaProvArt,Angshaverrot,https://sv.wikipedia.org/wiki/%C3%84ngshaverrot,Tragopogon pratensis,,,,,,,,,,,,,,,,
Ängshavre,Avenula pratensis,Gräs,SmaProvArt,Angshavre,,Avenula pratensis,,,,,Gräsmark,,,,,,,,Kalkhällmark,Artrikt,,
Ängsskära,Serratula tinctoria,Korgblommiga,SmaProvArt,Angsskara,https://sv.wikipedia.org/wiki/Ängsskära,Serratula tinctoria,,,,,,,,,,,,,,Artrikt,,
Ängssvingel,Schedonorus pratensis,Gräs,SmaProvArt,Angssvingel,https://sv.wikipedia.org/wiki/%C3%84ngssvingel,Schedonorus pratensis,,,,,,,,,,,,,,,,
Ängssyra,Rumex acetosa,Slideväxter,SmaProvArt,Angssyra,https://sv.wikipedia.org/wiki/%C3%84ngssyra,Rumex acetosa,,,,,,,,,,,,,,,,
Ängsull,Eriophorum angustifolium,Halvgräs,SmaProvArt,Angsull,https://sv.wikipedia.org/wiki/%C3%84ngsull,Eriophorum angustifolium,,,,,,,,,,,,,,,,
Ängsvädd,Succisa pratensis,Kaprifolväxter,SmaProvArt,Angsvadd,http://www.biopix.net/search1.aspx?searchtext=Succisa%20pratensis&category=insekter&q=Succisa%20pratensis,Succisa pratensis,,,,,,,,,,,,,,Artrikt,,
Ärenpris,Veronica officinalis,Grobladsväxter,SmaProvArt,Arenpris,http://linnaeus.nrm.se/flora/di/scrophularia/veron/verooff.html,Veronica officinalis,,,,,,,,,,,,,Kalkhällmark,,,
Ögontröst-arter,Euphrasia spp,Snyltrotsväxter,SmaProvArt,Ogontrost_arter,https://sv.wikipedia.org/wiki/%C3%B6gontr%C3%B6st-arter,Euphrasia spp,,,,,,,,,,,,,Kalkhällmark,Artrikt,,
Örnbräken,Pteridium aquilinum,Örnbräkenväxter,SmaProvArt,Ornbraken,https://sv.wikipedia.org/wiki/%C3%B6rnbr%C3%A4ken,Pteridium aquilinum,Stor art,,,,,,,,,,,,,,,
Övr. främ. barr,,Tallväxter,TradBuskArt,Granar_ovriga,https://sv.wikipedia.org/wiki/Picea,,,,Träd,,,,,,,,,,,,,
Övriga buskar,,-,TradBuskArt,Buskar_ovriga,https://c1.staticflickr.com/5/4124/5044598464_058ccd6e06_b.jpg,,,,Buskar,,,,,,,,,,,,,
Övriga lövträd,,-,TradBuskArt,Lovtrad_ovriga,https://sv.wikipedia.org/wiki/G%C3%B6mfr%C3%B6v%C3%A4xter,,,,Träd,,,,,,,,,,,,,
Övriga popplar,,Videväxter,TradBuskArt,Poppel_ovriga,https://sv.wikipedia.org/wiki/Poppelsl%C3%A4ktet,,,,Träd,,,,,,,,,,,,,
Övriga tallar,,Tallväxter,TradBuskArt,Tallar_ovriga,https://sv.wikipedia.org/wiki/Tallsl%C3%A4ktet,,,,Träd,,,,,,,,,,,,,